Date,Bitcoin,Gold,S&P500,CSHPNI (Case–Shiller index),M2 (billions)
1833-01-31 00:00:00,0,18.93,0,0,0
1833-02-28 00:00:00,0,18.93,0,0,0
1833-03-31 00:00:00,0,18.93,0,0,0
1833-04-30 00:00:00,0,18.93,0,0,0
1833-05-31 00:00:00,0,18.93,0,0,0
1833-06-30 00:00:00,0,18.93,0,0,0
1833-07-31 00:00:00,0,18.93,0,0,0
1833-08-31 00:00:00,0,18.93,0,0,0
1833-09-30 00:00:00,0,18.93,0,0,0
1833-10-31 00:00:00,0,18.93,0,0,0
1833-11-30 00:00:00,0,18.93,0,0,0
1833-12-31 00:00:00,0,18.93,0,0,0
1834-01-31 00:00:00,0,18.93,0,0,0
1834-02-28 00:00:00,0,18.93,0,0,0
1834-03-31 00:00:00,0,18.93,0,0,0
1834-04-30 00:00:00,0,18.93,0,0,0
1834-05-31 00:00:00,0,18.93,0,0,0
1834-06-30 00:00:00,0,18.93,0,0,0
1834-07-31 00:00:00,0,18.93,0,0,0
1834-08-31 00:00:00,0,18.93,0,0,0
1834-09-30 00:00:00,0,18.93,0,0,0
1834-10-31 00:00:00,0,18.93,0,0,0
1834-11-30 00:00:00,0,18.93,0,0,0
1834-12-31 00:00:00,0,18.93,0,0,0
1835-01-31 00:00:00,0,18.93,0,0,0
1835-02-28 00:00:00,0,18.93,0,0,0
1835-03-31 00:00:00,0,18.93,0,0,0
1835-04-30 00:00:00,0,18.93,0,0,0
1835-05-31 00:00:00,0,18.93,0,0,0
1835-06-30 00:00:00,0,18.93,0,0,0
1835-07-31 00:00:00,0,18.93,0,0,0
1835-08-31 00:00:00,0,18.93,0,0,0
1835-09-30 00:00:00,0,18.93,0,0,0
1835-10-31 00:00:00,0,18.93,0,0,0
1835-11-30 00:00:00,0,18.93,0,0,0
1835-12-31 00:00:00,0,18.93,0,0,0
1836-01-31 00:00:00,0,18.93,0,0,0
1836-02-29 00:00:00,0,18.93,0,0,0
1836-03-31 00:00:00,0,18.93,0,0,0
1836-04-30 00:00:00,0,18.93,0,0,0
1836-05-31 00:00:00,0,18.93,0,0,0
1836-06-30 00:00:00,0,18.93,0,0,0
1836-07-31 00:00:00,0,18.93,0,0,0
1836-08-31 00:00:00,0,18.93,0,0,0
1836-09-30 00:00:00,0,18.93,0,0,0
1836-10-31 00:00:00,0,18.93,0,0,0
1836-11-30 00:00:00,0,18.93,0,0,0
1836-12-31 00:00:00,0,18.93,0,0,0
1837-01-31 00:00:00,0,18.93,0,0,0
1837-02-28 00:00:00,0,18.93,0,0,0
1837-03-31 00:00:00,0,18.93,0,0,0
1837-04-30 00:00:00,0,18.93,0,0,0
1837-05-31 00:00:00,0,18.93,0,0,0
1837-06-30 00:00:00,0,18.93,0,0,0
1837-07-31 00:00:00,0,18.93,0,0,0
1837-08-31 00:00:00,0,18.93,0,0,0
1837-09-30 00:00:00,0,18.93,0,0,0
1837-10-31 00:00:00,0,18.93,0,0,0
1837-11-30 00:00:00,0,18.93,0,0,0
1837-12-31 00:00:00,0,18.93,0,0,0
1838-01-31 00:00:00,0,18.93,0,0,0
1838-02-28 00:00:00,0,18.93,0,0,0
1838-03-31 00:00:00,0,18.93,0,0,0
1838-04-30 00:00:00,0,18.93,0,0,0
1838-05-31 00:00:00,0,18.93,0,0,0
1838-06-30 00:00:00,0,18.93,0,0,0
1838-07-31 00:00:00,0,18.93,0,0,0
1838-08-31 00:00:00,0,18.93,0,0,0
1838-09-30 00:00:00,0,18.93,0,0,0
1838-10-31 00:00:00,0,18.93,0,0,0
1838-11-30 00:00:00,0,18.93,0,0,0
1838-12-31 00:00:00,0,18.93,0,0,0
1839-01-31 00:00:00,0,18.93,0,0,0
1839-02-28 00:00:00,0,18.93,0,0,0
1839-03-31 00:00:00,0,18.93,0,0,0
1839-04-30 00:00:00,0,18.93,0,0,0
1839-05-31 00:00:00,0,18.93,0,0,0
1839-06-30 00:00:00,0,18.93,0,0,0
1839-07-31 00:00:00,0,18.93,0,0,0
1839-08-31 00:00:00,0,18.93,0,0,0
1839-09-30 00:00:00,0,18.93,0,0,0
1839-10-31 00:00:00,0,18.93,0,0,0
1839-11-30 00:00:00,0,18.93,0,0,0
1839-12-31 00:00:00,0,18.93,0,0,0
1840-01-31 00:00:00,0,18.93,0,0,0
1840-02-29 00:00:00,0,18.93,0,0,0
1840-03-31 00:00:00,0,18.93,0,0,0
1840-04-30 00:00:00,0,18.93,0,0,0
1840-05-31 00:00:00,0,18.93,0,0,0
1840-06-30 00:00:00,0,18.93,0,0,0
1840-07-31 00:00:00,0,18.93,0,0,0
1840-08-31 00:00:00,0,18.93,0,0,0
1840-09-30 00:00:00,0,18.93,0,0,0
1840-10-31 00:00:00,0,18.93,0,0,0
1840-11-30 00:00:00,0,18.93,0,0,0
1840-12-31 00:00:00,0,18.93,0,0,0
1841-01-31 00:00:00,0,18.93,0,0,0
1841-02-28 00:00:00,0,18.93,0,0,0
1841-03-31 00:00:00,0,18.93,0,0,0
1841-04-30 00:00:00,0,18.93,0,0,0
1841-05-31 00:00:00,0,18.93,0,0,0
1841-06-30 00:00:00,0,18.93,0,0,0
1841-07-31 00:00:00,0,18.93,0,0,0
1841-08-31 00:00:00,0,18.93,0,0,0
1841-09-30 00:00:00,0,18.93,0,0,0
1841-10-31 00:00:00,0,18.93,0,0,0
1841-11-30 00:00:00,0,18.93,0,0,0
1841-12-31 00:00:00,0,18.93,0,0,0
1842-01-31 00:00:00,0,18.93,0,0,0
1842-02-28 00:00:00,0,18.93,0,0,0
1842-03-31 00:00:00,0,18.93,0,0,0
1842-04-30 00:00:00,0,18.93,0,0,0
1842-05-31 00:00:00,0,18.93,0,0,0
1842-06-30 00:00:00,0,18.93,0,0,0
1842-07-31 00:00:00,0,18.93,0,0,0
1842-08-31 00:00:00,0,18.93,0,0,0
1842-09-30 00:00:00,0,18.93,0,0,0
1842-10-31 00:00:00,0,18.93,0,0,0
1842-11-30 00:00:00,0,18.93,0,0,0
1842-12-31 00:00:00,0,18.93,0,0,0
1843-01-31 00:00:00,0,18.93,0,0,0
1843-02-28 00:00:00,0,18.93,0,0,0
1843-03-31 00:00:00,0,18.93,0,0,0
1843-04-30 00:00:00,0,18.93,0,0,0
1843-05-31 00:00:00,0,18.93,0,0,0
1843-06-30 00:00:00,0,18.93,0,0,0
1843-07-31 00:00:00,0,18.93,0,0,0
1843-08-31 00:00:00,0,18.93,0,0,0
1843-09-30 00:00:00,0,18.93,0,0,0
1843-10-31 00:00:00,0,18.93,0,0,0
1843-11-30 00:00:00,0,18.93,0,0,0
1843-12-31 00:00:00,0,18.93,0,0,0
1844-01-31 00:00:00,0,18.93,0,0,0
1844-02-29 00:00:00,0,18.93,0,0,0
1844-03-31 00:00:00,0,18.93,0,0,0
1844-04-30 00:00:00,0,18.93,0,0,0
1844-05-31 00:00:00,0,18.93,0,0,0
1844-06-30 00:00:00,0,18.93,0,0,0
1844-07-31 00:00:00,0,18.93,0,0,0
1844-08-31 00:00:00,0,18.93,0,0,0
1844-09-30 00:00:00,0,18.93,0,0,0
1844-10-31 00:00:00,0,18.93,0,0,0
1844-11-30 00:00:00,0,18.93,0,0,0
1844-12-31 00:00:00,0,18.93,0,0,0
1845-01-31 00:00:00,0,18.93,0,0,0
1845-02-28 00:00:00,0,18.93,0,0,0
1845-03-31 00:00:00,0,18.93,0,0,0
1845-04-30 00:00:00,0,18.93,0,0,0
1845-05-31 00:00:00,0,18.93,0,0,0
1845-06-30 00:00:00,0,18.93,0,0,0
1845-07-31 00:00:00,0,18.93,0,0,0
1845-08-31 00:00:00,0,18.93,0,0,0
1845-09-30 00:00:00,0,18.93,0,0,0
1845-10-31 00:00:00,0,18.93,0,0,0
1845-11-30 00:00:00,0,18.93,0,0,0
1845-12-31 00:00:00,0,18.93,0,0,0
1846-01-31 00:00:00,0,18.93,0,0,0
1846-02-28 00:00:00,0,18.93,0,0,0
1846-03-31 00:00:00,0,18.93,0,0,0
1846-04-30 00:00:00,0,18.93,0,0,0
1846-05-31 00:00:00,0,18.93,0,0,0
1846-06-30 00:00:00,0,18.93,0,0,0
1846-07-31 00:00:00,0,18.93,0,0,0
1846-08-31 00:00:00,0,18.93,0,0,0
1846-09-30 00:00:00,0,18.93,0,0,0
1846-10-31 00:00:00,0,18.93,0,0,0
1846-11-30 00:00:00,0,18.93,0,0,0
1846-12-31 00:00:00,0,18.93,0,0,0
1847-01-31 00:00:00,0,18.93,0,0,0
1847-02-28 00:00:00,0,18.93,0,0,0
1847-03-31 00:00:00,0,18.93,0,0,0
1847-04-30 00:00:00,0,18.93,0,0,0
1847-05-31 00:00:00,0,18.93,0,0,0
1847-06-30 00:00:00,0,18.93,0,0,0
1847-07-31 00:00:00,0,18.93,0,0,0
1847-08-31 00:00:00,0,18.93,0,0,0
1847-09-30 00:00:00,0,18.93,0,0,0
1847-10-31 00:00:00,0,18.93,0,0,0
1847-11-30 00:00:00,0,18.93,0,0,0
1847-12-31 00:00:00,0,18.93,0,0,0
1848-01-31 00:00:00,0,18.93,0,0,0
1848-02-29 00:00:00,0,18.93,0,0,0
1848-03-31 00:00:00,0,18.93,0,0,0
1848-04-30 00:00:00,0,18.93,0,0,0
1848-05-31 00:00:00,0,18.93,0,0,0
1848-06-30 00:00:00,0,18.93,0,0,0
1848-07-31 00:00:00,0,18.93,0,0,0
1848-08-31 00:00:00,0,18.93,0,0,0
1848-09-30 00:00:00,0,18.93,0,0,0
1848-10-31 00:00:00,0,18.93,0,0,0
1848-11-30 00:00:00,0,18.93,0,0,0
1848-12-31 00:00:00,0,18.93,0,0,0
1849-01-31 00:00:00,0,18.93,0,0,0
1849-02-28 00:00:00,0,18.93,0,0,0
1849-03-31 00:00:00,0,18.93,0,0,0
1849-04-30 00:00:00,0,18.93,0,0,0
1849-05-31 00:00:00,0,18.93,0,0,0
1849-06-30 00:00:00,0,18.93,0,0,0
1849-07-31 00:00:00,0,18.93,0,0,0
1849-08-31 00:00:00,0,18.93,0,0,0
1849-09-30 00:00:00,0,18.93,0,0,0
1849-10-31 00:00:00,0,18.93,0,0,0
1849-11-30 00:00:00,0,18.93,0,0,0
1849-12-31 00:00:00,0,18.93,0,0,0
1850-01-31 00:00:00,0,18.93,0,0,0
1850-02-28 00:00:00,0,18.93,0,0,0
1850-03-31 00:00:00,0,18.93,0,0,0
1850-04-30 00:00:00,0,18.93,0,0,0
1850-05-31 00:00:00,0,18.93,0,0,0
1850-06-30 00:00:00,0,18.93,0,0,0
1850-07-31 00:00:00,0,18.93,0,0,0
1850-08-31 00:00:00,0,18.93,0,0,0
1850-09-30 00:00:00,0,18.93,0,0,0
1850-10-31 00:00:00,0,18.93,0,0,0
1850-11-30 00:00:00,0,18.93,0,0,0
1850-12-31 00:00:00,0,18.93,0,0,0
1851-01-31 00:00:00,0,18.93,0,0,0
1851-02-28 00:00:00,0,18.93,0,0,0
1851-03-31 00:00:00,0,18.93,0,0,0
1851-04-30 00:00:00,0,18.93,0,0,0
1851-05-31 00:00:00,0,18.93,0,0,0
1851-06-30 00:00:00,0,18.93,0,0,0
1851-07-31 00:00:00,0,18.93,0,0,0
1851-08-31 00:00:00,0,18.93,0,0,0
1851-09-30 00:00:00,0,18.93,0,0,0
1851-10-31 00:00:00,0,18.93,0,0,0
1851-11-30 00:00:00,0,18.93,0,0,0
1851-12-31 00:00:00,0,18.93,0,0,0
1852-01-31 00:00:00,0,18.93,0,0,0
1852-02-29 00:00:00,0,18.93,0,0,0
1852-03-31 00:00:00,0,18.93,0,0,0
1852-04-30 00:00:00,0,18.93,0,0,0
1852-05-31 00:00:00,0,18.93,0,0,0
1852-06-30 00:00:00,0,18.93,0,0,0
1852-07-31 00:00:00,0,18.93,0,0,0
1852-08-31 00:00:00,0,18.93,0,0,0
1852-09-30 00:00:00,0,18.93,0,0,0
1852-10-31 00:00:00,0,18.93,0,0,0
1852-11-30 00:00:00,0,18.93,0,0,0
1852-12-31 00:00:00,0,18.93,0,0,0
1853-01-31 00:00:00,0,18.93,0,0,0
1853-02-28 00:00:00,0,18.93,0,0,0
1853-03-31 00:00:00,0,18.93,0,0,0
1853-04-30 00:00:00,0,18.93,0,0,0
1853-05-31 00:00:00,0,18.93,0,0,0
1853-06-30 00:00:00,0,18.93,0,0,0
1853-07-31 00:00:00,0,18.93,0,0,0
1853-08-31 00:00:00,0,18.93,0,0,0
1853-09-30 00:00:00,0,18.93,0,0,0
1853-10-31 00:00:00,0,18.93,0,0,0
1853-11-30 00:00:00,0,18.93,0,0,0
1853-12-31 00:00:00,0,18.93,0,0,0
1854-01-31 00:00:00,0,18.93,0,0,0
1854-02-28 00:00:00,0,18.93,0,0,0
1854-03-31 00:00:00,0,18.93,0,0,0
1854-04-30 00:00:00,0,18.93,0,0,0
1854-05-31 00:00:00,0,18.93,0,0,0
1854-06-30 00:00:00,0,18.93,0,0,0
1854-07-31 00:00:00,0,18.93,0,0,0
1854-08-31 00:00:00,0,18.93,0,0,0
1854-09-30 00:00:00,0,18.93,0,0,0
1854-10-31 00:00:00,0,18.93,0,0,0
1854-11-30 00:00:00,0,18.93,0,0,0
1854-12-31 00:00:00,0,18.93,0,0,0
1855-01-31 00:00:00,0,18.93,0,0,0
1855-02-28 00:00:00,0,18.93,0,0,0
1855-03-31 00:00:00,0,18.93,0,0,0
1855-04-30 00:00:00,0,18.93,0,0,0
1855-05-31 00:00:00,0,18.93,0,0,0
1855-06-30 00:00:00,0,18.93,0,0,0
1855-07-31 00:00:00,0,18.93,0,0,0
1855-08-31 00:00:00,0,18.93,0,0,0
1855-09-30 00:00:00,0,18.93,0,0,0
1855-10-31 00:00:00,0,18.93,0,0,0
1855-11-30 00:00:00,0,18.93,0,0,0
1855-12-31 00:00:00,0,18.93,0,0,0
1856-01-31 00:00:00,0,18.93,0,0,0
1856-02-29 00:00:00,0,18.93,0,0,0
1856-03-31 00:00:00,0,18.93,0,0,0
1856-04-30 00:00:00,0,18.93,0,0,0
1856-05-31 00:00:00,0,18.93,0,0,0
1856-06-30 00:00:00,0,18.93,0,0,0
1856-07-31 00:00:00,0,18.93,0,0,0
1856-08-31 00:00:00,0,18.93,0,0,0
1856-09-30 00:00:00,0,18.93,0,0,0
1856-10-31 00:00:00,0,18.93,0,0,0
1856-11-30 00:00:00,0,18.93,0,0,0
1856-12-31 00:00:00,0,18.93,0,0,0
1857-01-31 00:00:00,0,18.93,0,0,0
1857-02-28 00:00:00,0,18.93,0,0,0
1857-03-31 00:00:00,0,18.93,0,0,0
1857-04-30 00:00:00,0,18.93,0,0,0
1857-05-31 00:00:00,0,18.93,0,0,0
1857-06-30 00:00:00,0,18.93,0,0,0
1857-07-31 00:00:00,0,18.93,0,0,0
1857-08-31 00:00:00,0,18.93,0,0,0
1857-09-30 00:00:00,0,18.93,0,0,0
1857-10-31 00:00:00,0,18.93,0,0,0
1857-11-30 00:00:00,0,18.93,0,0,0
1857-12-31 00:00:00,0,18.93,0,0,0
1858-01-31 00:00:00,0,18.93,0,0,0
1858-02-28 00:00:00,0,18.93,0,0,0
1858-03-31 00:00:00,0,18.93,0,0,0
1858-04-30 00:00:00,0,18.93,0,0,0
1858-05-31 00:00:00,0,18.93,0,0,0
1858-06-30 00:00:00,0,18.93,0,0,0
1858-07-31 00:00:00,0,18.93,0,0,0
1858-08-31 00:00:00,0,18.93,0,0,0
1858-09-30 00:00:00,0,18.93,0,0,0
1858-10-31 00:00:00,0,18.93,0,0,0
1858-11-30 00:00:00,0,18.93,0,0,0
1858-12-31 00:00:00,0,18.93,0,0,0
1859-01-31 00:00:00,0,18.93,0,0,0
1859-02-28 00:00:00,0,18.93,0,0,0
1859-03-31 00:00:00,0,18.93,0,0,0
1859-04-30 00:00:00,0,18.93,0,0,0
1859-05-31 00:00:00,0,18.93,0,0,0
1859-06-30 00:00:00,0,18.93,0,0,0
1859-07-31 00:00:00,0,18.93,0,0,0
1859-08-31 00:00:00,0,18.93,0,0,0
1859-09-30 00:00:00,0,18.93,0,0,0
1859-10-31 00:00:00,0,18.93,0,0,0
1859-11-30 00:00:00,0,18.93,0,0,0
1859-12-31 00:00:00,0,18.93,0,0,0
1860-01-31 00:00:00,0,18.93,0,0,0
1860-02-29 00:00:00,0,18.93,0,0,0
1860-03-31 00:00:00,0,18.93,0,0,0
1860-04-30 00:00:00,0,18.93,0,0,0
1860-05-31 00:00:00,0,18.93,0,0,0
1860-06-30 00:00:00,0,18.93,0,0,0
1860-07-31 00:00:00,0,18.93,0,0,0
1860-08-31 00:00:00,0,18.93,0,0,0
1860-09-30 00:00:00,0,18.93,0,0,0
1860-10-31 00:00:00,0,18.93,0,0,0
1860-11-30 00:00:00,0,18.93,0,0,0
1860-12-31 00:00:00,0,18.93,0,0,0
1861-01-31 00:00:00,0,18.93,0,0,0
1861-02-28 00:00:00,0,18.93,0,0,0
1861-03-31 00:00:00,0,18.93,0,0,0
1861-04-30 00:00:00,0,18.93,0,0,0
1861-05-31 00:00:00,0,18.93,0,0,0
1861-06-30 00:00:00,0,18.93,0,0,0
1861-07-31 00:00:00,0,18.93,0,0,0
1861-08-31 00:00:00,0,18.93,0,0,0
1861-09-30 00:00:00,0,18.93,0,0,0
1861-10-31 00:00:00,0,18.93,0,0,0
1861-11-30 00:00:00,0,18.93,0,0,0
1861-12-31 00:00:00,0,18.93,0,0,0
1862-01-31 00:00:00,0,18.93,0,0,0
1862-02-28 00:00:00,0,18.93,0,0,0
1862-03-31 00:00:00,0,18.93,0,0,0
1862-04-30 00:00:00,0,18.93,0,0,0
1862-05-31 00:00:00,0,18.93,0,0,0
1862-06-30 00:00:00,0,18.93,0,0,0
1862-07-31 00:00:00,0,18.93,0,0,0
1862-08-31 00:00:00,0,18.93,0,0,0
1862-09-30 00:00:00,0,18.93,0,0,0
1862-10-31 00:00:00,0,18.93,0,0,0
1862-11-30 00:00:00,0,18.93,0,0,0
1862-12-31 00:00:00,0,18.93,0,0,0
1863-01-31 00:00:00,0,18.93,0,0,0
1863-02-28 00:00:00,0,18.93,0,0,0
1863-03-31 00:00:00,0,18.93,0,0,0
1863-04-30 00:00:00,0,18.93,0,0,0
1863-05-31 00:00:00,0,18.93,0,0,0
1863-06-30 00:00:00,0,18.93,0,0,0
1863-07-31 00:00:00,0,18.93,0,0,0
1863-08-31 00:00:00,0,18.93,0,0,0
1863-09-30 00:00:00,0,18.93,0,0,0
1863-10-31 00:00:00,0,18.93,0,0,0
1863-11-30 00:00:00,0,18.93,0,0,0
1863-12-31 00:00:00,0,18.93,0,0,0
1864-01-31 00:00:00,0,18.93,0,0,0
1864-02-29 00:00:00,0,18.93,0,0,0
1864-03-31 00:00:00,0,18.93,0,0,0
1864-04-30 00:00:00,0,18.93,0,0,0
1864-05-31 00:00:00,0,18.93,0,0,0
1864-06-30 00:00:00,0,18.93,0,0,0
1864-07-31 00:00:00,0,18.93,0,0,0
1864-08-31 00:00:00,0,18.93,0,0,0
1864-09-30 00:00:00,0,18.93,0,0,0
1864-10-31 00:00:00,0,18.93,0,0,0
1864-11-30 00:00:00,0,18.93,0,0,0
1864-12-31 00:00:00,0,18.93,0,0,0
1865-01-31 00:00:00,0,18.93,0,0,0
1865-02-28 00:00:00,0,18.93,0,0,0
1865-03-31 00:00:00,0,18.93,0,0,0
1865-04-30 00:00:00,0,18.93,0,0,0
1865-05-31 00:00:00,0,18.93,0,0,0
1865-06-30 00:00:00,0,18.93,0,0,0
1865-07-31 00:00:00,0,18.93,0,0,0
1865-08-31 00:00:00,0,18.93,0,0,0
1865-09-30 00:00:00,0,18.93,0,0,0
1865-10-31 00:00:00,0,18.93,0,0,0
1865-11-30 00:00:00,0,18.93,0,0,0
1865-12-31 00:00:00,0,18.93,0,0,0
1866-01-31 00:00:00,0,18.93,0,0,0
1866-02-28 00:00:00,0,18.93,0,0,0
1866-03-31 00:00:00,0,18.93,0,0,0
1866-04-30 00:00:00,0,18.93,0,0,0
1866-05-31 00:00:00,0,18.93,0,0,0
1866-06-30 00:00:00,0,18.93,0,0,0
1866-07-31 00:00:00,0,18.93,0,0,0
1866-08-31 00:00:00,0,18.93,0,0,0
1866-09-30 00:00:00,0,18.93,0,0,0
1866-10-31 00:00:00,0,18.93,0,0,0
1866-11-30 00:00:00,0,18.93,0,0,0
1866-12-31 00:00:00,0,18.93,0,0,0
1867-01-31 00:00:00,0,18.93,0,0,0
1867-02-28 00:00:00,0,18.93,0,0,0
1867-03-31 00:00:00,0,18.93,0,0,0
1867-04-30 00:00:00,0,18.93,0,0,0
1867-05-31 00:00:00,0,18.93,0,0,0
1867-06-30 00:00:00,0,18.93,0,0,0
1867-07-31 00:00:00,0,18.93,0,0,0
1867-08-31 00:00:00,0,18.93,0,0,0
1867-09-30 00:00:00,0,18.93,0,0,0
1867-10-31 00:00:00,0,18.93,0,0,0
1867-11-30 00:00:00,0,18.93,0,0,0
1867-12-31 00:00:00,0,18.93,0,0,0
1868-01-31 00:00:00,0,18.93,0,0,0
1868-02-29 00:00:00,0,18.93,0,0,0
1868-03-31 00:00:00,0,18.93,0,0,0
1868-04-30 00:00:00,0,18.93,0,0,0
1868-05-31 00:00:00,0,18.93,0,0,0
1868-06-30 00:00:00,0,18.93,0,0,0
1868-07-31 00:00:00,0,18.93,0,0,0
1868-08-31 00:00:00,0,18.93,0,0,0
1868-09-30 00:00:00,0,18.93,0,0,0
1868-10-31 00:00:00,0,18.93,0,0,0
1868-11-30 00:00:00,0,18.93,0,0,0
1868-12-31 00:00:00,0,18.93,0,0,0
1869-01-31 00:00:00,0,18.93,0,0,0
1869-02-28 00:00:00,0,18.93,0,0,0
1869-03-31 00:00:00,0,18.93,0,0,0
1869-04-30 00:00:00,0,18.93,0,0,0
1869-05-31 00:00:00,0,18.93,0,0,0
1869-06-30 00:00:00,0,18.93,0,0,0
1869-07-31 00:00:00,0,18.93,0,0,0
1869-08-31 00:00:00,0,18.93,0,0,0
1869-09-30 00:00:00,0,18.93,0,0,0
1869-10-31 00:00:00,0,18.93,0,0,0
1869-11-30 00:00:00,0,18.93,0,0,0
1869-12-31 00:00:00,0,18.93,0,0,0
1870-01-31 00:00:00,0,18.93,0,0,0
1870-02-28 00:00:00,0,18.93,0,0,0
1870-03-31 00:00:00,0,18.93,0,0,0
1870-04-30 00:00:00,0,18.93,0,0,0
1870-05-31 00:00:00,0,18.93,0,0,0
1870-06-30 00:00:00,0,18.93,0,0,0
1870-07-31 00:00:00,0,18.93,0,0,0
1870-08-31 00:00:00,0,18.93,0,0,0
1870-09-30 00:00:00,0,18.93,0,0,0
1870-10-31 00:00:00,0,18.93,0,0,0
1870-11-30 00:00:00,0,18.93,0,0,0
1870-12-31 00:00:00,0,18.93,0,0,0
1871-01-31 00:00:00,0,18.93,4.515,0,0
1871-02-28 00:00:00,0,18.93,4.5,0,0
1871-03-31 00:00:00,0,18.93,4.61,0,0
1871-04-30 00:00:00,0,18.93,4.74,0,0
1871-05-31 00:00:00,0,18.93,4.86,0,0
1871-06-30 00:00:00,0,18.93,4.82,0,0
1871-07-31 00:00:00,0,18.93,4.73,0,0
1871-08-31 00:00:00,0,18.93,4.79,0,0
1871-09-30 00:00:00,0,18.93,4.84,0,0
1871-10-31 00:00:00,0,18.93,0,0,0
1871-11-30 00:00:00,0,18.93,4.64,0,0
1871-12-31 00:00:00,0,18.93,4.74,0,0
1872-01-31 00:00:00,0,18.94,4.915,0,0
1872-02-29 00:00:00,0,18.94,4.88,0,0
1872-03-31 00:00:00,0,18.94,5.04,0,0
1872-04-30 00:00:00,0,18.94,5.18,0,0
1872-05-31 00:00:00,0,18.94,5.18,0,0
1872-06-30 00:00:00,0,18.94,5.13,0,0
1872-07-31 00:00:00,0,18.94,5.1,0,0
1872-08-31 00:00:00,0,18.94,5.04,0,0
1872-09-30 00:00:00,0,18.94,4.95,0,0
1872-10-31 00:00:00,0,18.94,0,0,0
1872-11-30 00:00:00,0,18.94,4.95,0,0
1872-12-31 00:00:00,0,18.94,5.07,0,0
1873-01-31 00:00:00,0,18.94,4.65,0,0
1873-02-28 00:00:00,0,18.94,5.15,0,0
1873-03-31 00:00:00,0,18.94,5.11,0,0
1873-04-30 00:00:00,0,18.94,5.04,0,0
1873-05-31 00:00:00,0,18.94,5.05,0,0
1873-06-30 00:00:00,0,18.94,4.98,0,0
1873-07-31 00:00:00,0,18.94,4.97,0,0
1873-08-31 00:00:00,0,18.94,4.97,0,0
1873-09-30 00:00:00,0,18.94,4.59,0,0
1873-10-31 00:00:00,0,18.94,0,0,0
1873-11-30 00:00:00,0,18.94,4.04,0,0
1873-12-31 00:00:00,0,18.94,4.42,0,0
1874-01-31 00:00:00,0,18.94,4.595,0,0
1874-02-28 00:00:00,0,18.94,4.8,0,0
1874-03-31 00:00:00,0,18.94,4.73,0,0
1874-04-30 00:00:00,0,18.94,4.6,0,0
1874-05-31 00:00:00,0,18.94,4.48,0,0
1874-06-30 00:00:00,0,18.94,4.46,0,0
1874-07-31 00:00:00,0,18.94,4.46,0,0
1874-08-31 00:00:00,0,18.94,4.47,0,0
1874-09-30 00:00:00,0,18.94,4.54,0,0
1874-10-31 00:00:00,0,18.94,0,0,0
1874-11-30 00:00:00,0,18.94,4.57,0,0
1874-12-31 00:00:00,0,18.94,4.54,0,0
1875-01-31 00:00:00,0,18.94,4.42,0,0
1875-02-28 00:00:00,0,18.94,4.53,0,0
1875-03-31 00:00:00,0,18.94,4.59,0,0
1875-04-30 00:00:00,0,18.94,4.65,0,0
1875-05-31 00:00:00,0,18.94,4.47,0,0
1875-06-30 00:00:00,0,18.94,4.38,0,0
1875-07-31 00:00:00,0,18.94,4.39,0,0
1875-08-31 00:00:00,0,18.94,4.41,0,0
1875-09-30 00:00:00,0,18.94,4.37,0,0
1875-10-31 00:00:00,0,18.94,0,0,0
1875-11-30 00:00:00,0,18.94,4.37,0,0
1875-12-31 00:00:00,0,18.94,4.37,0,0
1876-01-31 00:00:00,0,18.94,4.065,0,0
1876-02-29 00:00:00,0,18.94,4.52,0,0
1876-03-31 00:00:00,0,18.94,4.51,0,0
1876-04-30 00:00:00,0,18.94,4.34,0,0
1876-05-31 00:00:00,0,18.94,4.18,0,0
1876-06-30 00:00:00,0,18.94,4.15,0,0
1876-07-31 00:00:00,0,18.94,4.1,0,0
1876-08-31 00:00:00,0,18.94,3.93,0,0
1876-09-30 00:00:00,0,18.94,3.69,0,0
1876-10-31 00:00:00,0,18.94,0,0,0
1876-11-30 00:00:00,0,18.94,3.6,0,0
1876-12-31 00:00:00,0,18.94,3.58,0,0
1877-01-31 00:00:00,0,18.94,3.43,0,0
1877-02-28 00:00:00,0,18.94,3.34,0,0
1877-03-31 00:00:00,0,18.94,3.17,0,0
1877-04-30 00:00:00,0,18.94,2.94,0,0
1877-05-31 00:00:00,0,18.94,2.94,0,0
1877-06-30 00:00:00,0,18.94,2.73,0,0
1877-07-31 00:00:00,0,18.94,2.85,0,0
1877-08-31 00:00:00,0,18.94,3.05,0,0
1877-09-30 00:00:00,0,18.94,3.24,0,0
1877-10-31 00:00:00,0,18.94,0,0,0
1877-11-30 00:00:00,0,18.94,3.26,0,0
1877-12-31 00:00:00,0,18.94,3.25,0,0
1878-01-31 00:00:00,0,18.94,3.365,0,0
1878-02-28 00:00:00,0,18.94,3.18,0,0
1878-03-31 00:00:00,0,18.94,3.24,0,0
1878-04-30 00:00:00,0,18.94,3.33,0,0
1878-05-31 00:00:00,0,18.94,3.34,0,0
1878-06-30 00:00:00,0,18.94,3.41,0,0
1878-07-31 00:00:00,0,18.94,3.48,0,0
1878-08-31 00:00:00,0,18.94,3.45,0,0
1878-09-30 00:00:00,0,18.94,3.52,0,0
1878-10-31 00:00:00,0,18.94,0,0,0
1878-11-30 00:00:00,0,18.94,3.47,0,0
1878-12-31 00:00:00,0,18.94,3.45,0,0
1879-01-31 00:00:00,0,18.94,4.13,0,0
1879-02-28 00:00:00,0,18.94,3.71,0,0
1879-03-31 00:00:00,0,18.94,3.65,0,0
1879-04-30 00:00:00,0,18.94,3.77,0,0
1879-05-31 00:00:00,0,18.94,3.94,0,0
1879-06-30 00:00:00,0,18.94,3.96,0,0
1879-07-31 00:00:00,0,18.94,4.04,0,0
1879-08-31 00:00:00,0,18.94,4.07,0,0
1879-09-30 00:00:00,0,18.94,4.22,0,0
1879-10-31 00:00:00,0,18.94,0,0,0
1879-11-30 00:00:00,0,18.94,4.93,0,0
1879-12-31 00:00:00,0,18.94,4.92,0,0
1880-01-31 00:00:00,0,18.94,5.22,0,0
1880-02-29 00:00:00,0,18.94,5.2,0,0
1880-03-31 00:00:00,0,18.94,5.3,0,0
1880-04-30 00:00:00,0,18.94,5.18,0,0
1880-05-31 00:00:00,0,18.94,4.77,0,0
1880-06-30 00:00:00,0,18.94,4.79,0,0
1880-07-31 00:00:00,0,18.94,5.01,0,0
1880-08-31 00:00:00,0,18.94,5.19,0,0
1880-09-30 00:00:00,0,18.94,5.18,0,0
1880-10-31 00:00:00,0,18.94,0,0,0
1880-11-30 00:00:00,0,18.94,5.61,0,0
1880-12-31 00:00:00,0,18.94,5.84,0,0
1881-01-31 00:00:00,0,18.94,6.17,0,0
1881-02-28 00:00:00,0,18.94,6.17,0,0
1881-03-31 00:00:00,0,18.94,6.24,0,0
1881-04-30 00:00:00,0,18.94,6.22,0,0
1881-05-31 00:00:00,0,18.94,6.5,0,0
1881-06-30 00:00:00,0,18.94,6.58,0,0
1881-07-31 00:00:00,0,18.94,6.35,0,0
1881-08-31 00:00:00,0,18.94,6.2,0,0
1881-09-30 00:00:00,0,18.94,6.25,0,0
1881-10-31 00:00:00,0,18.94,0,0,0
1881-11-30 00:00:00,0,18.94,6.19,0,0
1881-12-31 00:00:00,0,18.94,6.01,0,0
1882-01-31 00:00:00,0,18.94,5.995,0,0
1882-02-28 00:00:00,0,18.94,5.79,0,0
1882-03-31 00:00:00,0,18.94,5.78,0,0
1882-04-30 00:00:00,0,18.94,5.78,0,0
1882-05-31 00:00:00,0,18.94,5.71,0,0
1882-06-30 00:00:00,0,18.94,5.68,0,0
1882-07-31 00:00:00,0,18.94,6,0,0
1882-08-31 00:00:00,0,18.94,6.18,0,0
1882-09-30 00:00:00,0,18.94,6.24,0,0
1882-10-31 00:00:00,0,18.94,0,0,0
1882-11-30 00:00:00,0,18.94,5.81,0,0
1882-12-31 00:00:00,0,18.94,5.84,0,0
1883-01-31 00:00:00,0,18.94,5.595,0,0
1883-02-28 00:00:00,0,18.94,5.68,0,0
1883-03-31 00:00:00,0,18.94,5.75,0,0
1883-04-30 00:00:00,0,18.94,5.87,0,0
1883-05-31 00:00:00,0,18.94,5.77,0,0
1883-06-30 00:00:00,0,18.94,5.82,0,0
1883-07-31 00:00:00,0,18.94,5.73,0,0
1883-08-31 00:00:00,0,18.94,5.47,0,0
1883-09-30 00:00:00,0,18.94,5.53,0,0
1883-10-31 00:00:00,0,18.94,0,0,0
1883-11-30 00:00:00,0,18.94,5.46,0,0
1883-12-31 00:00:00,0,18.94,5.34,0,0
1884-01-31 00:00:00,0,18.94,4.81,0,0
1884-02-29 00:00:00,0,18.94,5.32,0,0
1884-03-31 00:00:00,0,18.94,5.3,0,0
1884-04-30 00:00:00,0,18.94,5.06,0,0
1884-05-31 00:00:00,0,18.94,4.65,0,0
1884-06-30 00:00:00,0,18.94,4.46,0,0
1884-07-31 00:00:00,0,18.94,4.46,0,0
1884-08-31 00:00:00,0,18.94,4.74,0,0
1884-09-30 00:00:00,0,18.94,4.59,0,0
1884-10-31 00:00:00,0,18.94,0,0,0
1884-11-30 00:00:00,0,18.94,4.35,0,0
1884-12-31 00:00:00,0,18.94,4.34,0,0
1885-01-31 00:00:00,0,18.94,4.58,0,0
1885-02-28 00:00:00,0,18.94,4.37,0,0
1885-03-31 00:00:00,0,18.94,4.38,0,0
1885-04-30 00:00:00,0,18.94,4.37,0,0
1885-05-31 00:00:00,0,18.94,4.32,0,0
1885-06-30 00:00:00,0,18.94,4.3,0,0
1885-07-31 00:00:00,0,18.94,4.46,0,0
1885-08-31 00:00:00,0,18.94,4.71,0,0
1885-09-30 00:00:00,0,18.94,4.65,0,0
1885-10-31 00:00:00,0,18.94,0,0,0
1885-11-30 00:00:00,0,18.94,5.24,0,0
1885-12-31 00:00:00,0,18.94,5.2,0,0
1886-01-31 00:00:00,0,18.94,5.425,0,0
1886-02-28 00:00:00,0,18.94,5.3,0,0
1886-03-31 00:00:00,0,18.94,5.19,0,0
1886-04-30 00:00:00,0,18.94,5.12,0,0
1886-05-31 00:00:00,0,18.94,5.02,0,0
1886-06-30 00:00:00,0,18.94,5.25,0,0
1886-07-31 00:00:00,0,18.94,5.33,0,0
1886-08-31 00:00:00,0,18.94,5.37,0,0
1886-09-30 00:00:00,0,18.94,5.51,0,0
1886-10-31 00:00:00,0,18.94,0,0,0
1886-11-30 00:00:00,0,18.94,5.79,0,0
1886-12-31 00:00:00,0,18.94,5.64,0,0
1887-01-31 00:00:00,0,18.94,5.39,0,0
1887-02-28 00:00:00,0,18.94,5.54,0,0
1887-03-31 00:00:00,0,18.94,5.67,0,0
1887-04-30 00:00:00,0,18.94,5.8,0,0
1887-05-31 00:00:00,0,18.94,5.9,0,0
1887-06-30 00:00:00,0,18.94,5.73,0,0
1887-07-31 00:00:00,0,18.94,5.59,0,0
1887-08-31 00:00:00,0,18.94,5.45,0,0
1887-09-30 00:00:00,0,18.94,5.38,0,0
1887-10-31 00:00:00,0,18.94,0,0,0
1887-11-30 00:00:00,0,18.94,5.3,0,0
1887-12-31 00:00:00,0,18.94,5.27,0,0
1888-01-31 00:00:00,0,18.94,5.33,0,0
1888-02-29 00:00:00,0,18.94,5.28,0,0
1888-03-31 00:00:00,0,18.94,5.08,0,0
1888-04-30 00:00:00,0,18.94,5.1,0,0
1888-05-31 00:00:00,0,18.94,5.17,0,0
1888-06-30 00:00:00,0,18.94,5.01,0,0
1888-07-31 00:00:00,0,18.94,5.14,0,0
1888-08-31 00:00:00,0,18.94,5.25,0,0
1888-09-30 00:00:00,0,18.94,5.38,0,0
1888-10-31 00:00:00,0,18.94,0,0,0
1888-11-30 00:00:00,0,18.94,5.24,0,0
1888-12-31 00:00:00,0,18.94,5.14,0,0
1889-01-31 00:00:00,0,18.93,5.32,0,0
1889-02-28 00:00:00,0,18.93,5.3,0,0
1889-03-31 00:00:00,0,18.93,5.19,0,0
1889-04-30 00:00:00,0,18.93,5.18,0,0
1889-05-31 00:00:00,0,18.93,5.32,0,0
1889-06-30 00:00:00,0,18.93,5.41,0,0
1889-07-31 00:00:00,0,18.93,5.3,0,0
1889-08-31 00:00:00,0,18.93,5.37,0,0
1889-09-30 00:00:00,0,18.93,5.5,0,0
1889-10-31 00:00:00,0,18.93,0,0,0
1889-11-30 00:00:00,0,18.93,5.35,0,0
1889-12-31 00:00:00,0,18.93,5.32,0,0
1890-01-31 00:00:00,0,18.94,5.23,0,0
1890-02-28 00:00:00,0,18.94,5.32,0,0
1890-03-31 00:00:00,0,18.94,5.28,0,0
1890-04-30 00:00:00,0,18.94,5.39,0,0
1890-05-31 00:00:00,0,18.94,5.62,0,0
1890-06-30 00:00:00,0,18.94,5.58,0,0
1890-07-31 00:00:00,0,18.94,5.54,0,0
1890-08-31 00:00:00,0,18.94,5.41,0,0
1890-09-30 00:00:00,0,18.94,5.32,0,0
1890-10-31 00:00:00,0,18.94,0,0,0
1890-11-30 00:00:00,0,18.94,4.71,0,0
1890-12-31 00:00:00,0,18.94,4.6,3.66,0
1891-01-31 00:00:00,0,18.96,5.085,0,0
1891-02-28 00:00:00,0,18.96,4.9,0,0
1891-03-31 00:00:00,0,18.96,4.81,0,0
1891-04-30 00:00:00,0,18.96,4.97,0,0
1891-05-31 00:00:00,0,18.96,4.95,0,0
1891-06-30 00:00:00,0,18.96,4.85,0,0
1891-07-31 00:00:00,0,18.96,4.77,0,0
1891-08-31 00:00:00,0,18.96,4.93,0,0
1891-09-30 00:00:00,0,18.96,5.33,0,0
1891-10-31 00:00:00,0,18.96,0,0,0
1891-11-30 00:00:00,0,18.96,5.25,0,0
1891-12-31 00:00:00,0,18.96,5.41,3.3,0
1892-01-31 00:00:00,0,18.96,5.55,0,0
1892-02-29 00:00:00,0,18.96,5.52,0,0
1892-03-31 00:00:00,0,18.96,5.58,0,0
1892-04-30 00:00:00,0,18.96,5.57,0,0
1892-05-31 00:00:00,0,18.96,5.57,0,0
1892-06-30 00:00:00,0,18.96,5.54,0,0
1892-07-31 00:00:00,0,18.96,5.54,0,0
1892-08-31 00:00:00,0,18.96,5.62,0,0
1892-09-30 00:00:00,0,18.96,5.48,0,0
1892-10-31 00:00:00,0,18.96,0,0,0
1892-11-30 00:00:00,0,18.96,5.57,0,0
1892-12-31 00:00:00,0,18.96,5.51,3.36,0
1893-01-31 00:00:00,0,18.96,5.055,0,0
1893-02-28 00:00:00,0,18.96,5.51,0,0
1893-03-31 00:00:00,0,18.96,5.31,0,0
1893-04-30 00:00:00,0,18.96,5.31,0,0
1893-05-31 00:00:00,0,18.96,4.84,0,0
1893-06-30 00:00:00,0,18.96,4.61,0,0
1893-07-31 00:00:00,0,18.96,4.18,0,0
1893-08-31 00:00:00,0,18.96,4.08,0,0
1893-09-30 00:00:00,0,18.96,4.37,0,0
1893-10-31 00:00:00,0,18.96,0,0,0
1893-11-30 00:00:00,0,18.96,4.57,0,0
1893-12-31 00:00:00,0,18.96,4.41,3.5,0
1894-01-31 00:00:00,0,18.94,4.33,0,0
1894-02-28 00:00:00,0,18.94,4.38,0,0
1894-03-31 00:00:00,0,18.94,4.51,0,0
1894-04-30 00:00:00,0,18.94,4.57,0,0
1894-05-31 00:00:00,0,18.94,4.4,0,0
1894-06-30 00:00:00,0,18.94,4.34,0,0
1894-07-31 00:00:00,0,18.94,4.25,0,0
1894-08-31 00:00:00,0,18.94,4.41,0,0
1894-09-30 00:00:00,0,18.94,4.48,0,0
1894-10-31 00:00:00,0,18.94,0,0,0
1894-11-30 00:00:00,0,18.94,4.34,0,0
1894-12-31 00:00:00,0,18.94,4.3,4.08,0
1895-01-31 00:00:00,0,18.93,4.5,0,0
1895-02-28 00:00:00,0,18.93,4.19,0,0
1895-03-31 00:00:00,0,18.93,4.19,0,0
1895-04-30 00:00:00,0,18.93,4.37,0,0
1895-05-31 00:00:00,0,18.93,4.61,0,0
1895-06-30 00:00:00,0,18.93,4.7,0,0
1895-07-31 00:00:00,0,18.93,4.72,0,0
1895-08-31 00:00:00,0,18.93,4.79,0,0
1895-09-30 00:00:00,0,18.93,4.82,0,0
1895-10-31 00:00:00,0,18.93,0,0,0
1895-11-30 00:00:00,0,18.93,4.59,0,0
1895-12-31 00:00:00,0,18.93,4.32,3.7,0
1896-01-31 00:00:00,0,18.98,4.185,0,0
1896-02-29 00:00:00,0,18.98,4.45,0,0
1896-03-31 00:00:00,0,18.98,4.38,0,0
1896-04-30 00:00:00,0,18.98,4.42,0,0
1896-05-31 00:00:00,0,18.98,4.4,0,0
1896-06-30 00:00:00,0,18.98,4.32,0,0
1896-07-31 00:00:00,0,18.98,4.04,0,0
1896-08-31 00:00:00,0,18.98,3.81,0,0
1896-09-30 00:00:00,0,18.98,4.01,0,0
1896-10-31 00:00:00,0,18.98,0,0,0
1896-11-30 00:00:00,0,18.98,4.38,0,0
1896-12-31 00:00:00,0,18.98,4.22,3.21,0
1897-01-31 00:00:00,0,18.98,4.52,0,0
1897-02-28 00:00:00,0,18.98,4.18,0,0
1897-03-31 00:00:00,0,18.98,4.19,0,0
1897-04-30 00:00:00,0,18.98,4.06,0,0
1897-05-31 00:00:00,0,18.98,4.08,0,0
1897-06-30 00:00:00,0,18.98,4.27,0,0
1897-07-31 00:00:00,0,18.98,4.46,0,0
1897-08-31 00:00:00,0,18.98,4.75,0,0
1897-09-30 00:00:00,0,18.98,4.98,0,0
1897-10-31 00:00:00,0,18.98,0,0,0
1897-11-30 00:00:00,0,18.98,4.65,0,0
1897-12-31 00:00:00,0,18.98,4.75,3.31,0
1898-01-31 00:00:00,0,18.98,5.015,0,0
1898-02-28 00:00:00,0,18.98,4.87,0,0
1898-03-31 00:00:00,0,18.98,4.65,0,0
1898-04-30 00:00:00,0,18.98,4.57,0,0
1898-05-31 00:00:00,0,18.98,4.87,0,0
1898-06-30 00:00:00,0,18.98,5.06,0,0
1898-07-31 00:00:00,0,18.98,5.08,0,0
1898-08-31 00:00:00,0,18.98,5.27,0,0
1898-09-30 00:00:00,0,18.98,5.26,0,0
1898-10-31 00:00:00,0,18.98,0,0,0
1898-11-30 00:00:00,0,18.98,5.32,0,0
1898-12-31 00:00:00,0,18.98,5.65,3.53,0
1899-01-31 00:00:00,0,18.94,6.21,0,0
1899-02-28 00:00:00,0,18.94,6.31,0,0
1899-03-31 00:00:00,0,18.94,6.4,0,0
1899-04-30 00:00:00,0,18.94,6.48,0,0
1899-05-31 00:00:00,0,18.94,6.21,0,0
1899-06-30 00:00:00,0,18.94,6.07,0,0
1899-07-31 00:00:00,0,18.94,6.28,0,0
1899-08-31 00:00:00,0,18.94,6.44,0,0
1899-09-30 00:00:00,0,18.94,6.37,0,0
1899-10-31 00:00:00,0,18.94,0,0,0
1899-11-30 00:00:00,0,18.94,6.46,0,0
1899-12-31 00:00:00,0,18.94,6.02,3.37,0
1900-01-31 00:00:00,0,18.96,6.055,0,0
1900-02-28 00:00:00,0,18.96,6.21,0,0
1900-03-31 00:00:00,0,18.96,6.26,0,0
1900-04-30 00:00:00,0,18.96,6.34,0,0
1900-05-31 00:00:00,0,18.96,6.04,0,0
1900-06-30 00:00:00,0,18.96,5.86,0,0
1900-07-31 00:00:00,0,18.96,5.86,0,0
1900-08-31 00:00:00,0,18.96,5.94,0,0
1900-09-30 00:00:00,0,18.96,5.8,0,0
1900-10-31 00:00:00,0,18.96,0,0,0
1900-11-30 00:00:00,0,18.96,6.48,0,0
1900-12-31 00:00:00,0,18.96,6.87,3.85,0
1901-01-31 00:00:00,0,18.98,7.49,0,0
1901-02-28 00:00:00,0,18.98,7.25,0,0
1901-03-31 00:00:00,0,18.98,7.51,0,0
1901-04-30 00:00:00,0,18.98,8.14,0,0
1901-05-31 00:00:00,0,18.98,7.73,0,0
1901-06-30 00:00:00,0,18.98,8.5,0,0
1901-07-31 00:00:00,0,18.98,7.93,0,0
1901-08-31 00:00:00,0,18.98,8.04,0,0
1901-09-30 00:00:00,0,18.98,8,0,0
1901-10-31 00:00:00,0,18.98,0,0,0
1901-11-30 00:00:00,0,18.98,8.08,0,0
1901-12-31 00:00:00,0,18.98,7.95,3.23,0
1902-01-31 00:00:00,0,18.97,8.345,0,0
1902-02-28 00:00:00,0,18.97,8.19,0,0
1902-03-31 00:00:00,0,18.97,8.2,0,0
1902-04-30 00:00:00,0,18.97,8.48,0,0
1902-05-31 00:00:00,0,18.97,8.46,0,0
1902-06-30 00:00:00,0,18.97,8.41,0,0
1902-07-31 00:00:00,0,18.97,8.6,0,0
1902-08-31 00:00:00,0,18.97,8.83,0,0
1902-09-30 00:00:00,0,18.97,8.85,0,0
1902-10-31 00:00:00,0,18.97,0,0,0
1902-11-30 00:00:00,0,18.97,8.24,0,0
1902-12-31 00:00:00,0,18.97,8.05,3.81,0
1903-01-31 00:00:00,0,18.95,7.36,0,0
1903-02-28 00:00:00,0,18.95,8.41,0,0
1903-03-31 00:00:00,0,18.95,8.08,0,0
1903-04-30 00:00:00,0,18.95,7.75,0,0
1903-05-31 00:00:00,0,18.95,7.6,0,0
1903-06-30 00:00:00,0,18.95,7.18,0,0
1903-07-31 00:00:00,0,18.95,6.85,0,0
1903-08-31 00:00:00,0,18.95,6.63,0,0
1903-09-30 00:00:00,0,18.95,6.47,0,0
1903-10-31 00:00:00,0,18.95,0,0,0
1903-11-30 00:00:00,0,18.95,6.28,0,0
1903-12-31 00:00:00,0,18.95,6.57,3.87,0
1904-01-31 00:00:00,0,18.96,7.215,0,0
1904-02-29 00:00:00,0,18.96,6.5,0,0
1904-03-31 00:00:00,0,18.96,6.48,0,0
1904-04-30 00:00:00,0,18.96,6.64,0,0
1904-05-31 00:00:00,0,18.96,6.5,0,0
1904-06-30 00:00:00,0,18.96,6.51,0,0
1904-07-31 00:00:00,0,18.96,6.78,0,0
1904-08-31 00:00:00,0,18.96,7.01,0,0
1904-09-30 00:00:00,0,18.96,7.32,0,0
1904-10-31 00:00:00,0,18.96,0,0,0
1904-11-30 00:00:00,0,18.96,8.17,0,0
1904-12-31 00:00:00,0,18.96,8.25,4.05,0
1905-01-31 00:00:00,0,18.92,8.895,0,0
1905-02-28 00:00:00,0,18.92,8.8,0,0
1905-03-31 00:00:00,0,18.92,9.05,0,0
1905-04-30 00:00:00,0,18.92,8.94,0,0
1905-05-31 00:00:00,0,18.92,8.5,0,0
1905-06-30 00:00:00,0,18.92,8.6,0,0
1905-07-31 00:00:00,0,18.92,8.87,0,0
1905-08-31 00:00:00,0,18.92,9.2,0,0
1905-09-30 00:00:00,0,18.92,9.23,0,0
1905-10-31 00:00:00,0,18.92,0,0,0
1905-11-30 00:00:00,0,18.92,9.31,0,0
1905-12-31 00:00:00,0,18.92,9.54,3.55,0
1906-01-31 00:00:00,0,18.9,9.8,0,0
1906-02-28 00:00:00,0,18.9,9.8,0,0
1906-03-31 00:00:00,0,18.9,9.56,0,0
1906-04-30 00:00:00,0,18.9,9.43,0,0
1906-05-31 00:00:00,0,18.9,9.18,0,0
1906-06-30 00:00:00,0,18.9,9.3,0,0
1906-07-31 00:00:00,0,18.9,9.06,0,0
1906-08-31 00:00:00,0,18.9,9.73,0,0
1906-09-30 00:00:00,0,18.9,10.03,0,0
1906-10-31 00:00:00,0,18.9,0,0,0
1906-11-30 00:00:00,0,18.9,9.93,0,0
1906-12-31 00:00:00,0,18.9,9.84,4.21,0
1907-01-31 00:00:00,0,18.94,8.1,0,0
1907-02-28 00:00:00,0,18.94,9.26,0,0
1907-03-31 00:00:00,0,18.94,8.35,0,0
1907-04-30 00:00:00,0,18.94,8.39,0,0
1907-05-31 00:00:00,0,18.94,8.1,0,0
1907-06-30 00:00:00,0,18.94,7.84,0,0
1907-07-31 00:00:00,0,18.94,8.14,0,0
1907-08-31 00:00:00,0,18.94,7.53,0,0
1907-09-30 00:00:00,0,18.94,7.45,0,0
1907-10-31 00:00:00,0,18.94,0,0,0
1907-11-30 00:00:00,0,18.94,6.25,0,0
1907-12-31 00:00:00,0,18.94,6.57,4.65,0
1908-01-31 00:00:00,0,18.95,7.56,0,0
1908-02-29 00:00:00,0,18.95,6.6,0,0
1908-03-31 00:00:00,0,18.95,6.87,0,0
1908-04-30 00:00:00,0,18.95,7.24,0,0
1908-05-31 00:00:00,0,18.95,7.63,0,0
1908-06-30 00:00:00,0,18.95,7.64,0,0
1908-07-31 00:00:00,0,18.95,7.92,0,0
1908-08-31 00:00:00,0,18.95,8.26,0,0
1908-09-30 00:00:00,0,18.95,8.17,0,0
1908-10-31 00:00:00,0,18.95,0,0,0
1908-11-30 00:00:00,0,18.95,8.83,0,0
1908-12-31 00:00:00,0,18.95,9.03,4.19,0
1909-01-31 00:00:00,0,18.96,9.645,0,0
1909-02-28 00:00:00,0,18.96,8.8,0,0
1909-03-31 00:00:00,0,18.96,8.92,0,0
1909-04-30 00:00:00,0,18.96,9.32,0,0
1909-05-31 00:00:00,0,18.96,9.63,0,0
1909-06-30 00:00:00,0,18.96,9.8,0,0
1909-07-31 00:00:00,0,18.96,9.94,0,0
1909-08-31 00:00:00,0,18.96,10.18,0,0
1909-09-30 00:00:00,0,18.96,10.19,0,0
1909-10-31 00:00:00,0,18.96,0,0,0
1909-11-30 00:00:00,0,18.96,10.18,0,0
1909-12-31 00:00:00,0,18.96,10.3,4.1,0
1910-01-31 00:00:00,0,18.92,9.7,0,0
1910-02-28 00:00:00,0,18.92,9.72,0,0
1910-03-31 00:00:00,0,18.92,9.96,0,0
1910-04-30 00:00:00,0,18.92,9.72,0,0
1910-05-31 00:00:00,0,18.92,9.56,0,0
1910-06-30 00:00:00,0,18.92,9.1,0,0
1910-07-31 00:00:00,0,18.92,8.64,0,0
1910-08-31 00:00:00,0,18.92,8.85,0,0
1910-09-30 00:00:00,0,18.92,8.91,0,0
1910-10-31 00:00:00,0,18.92,0,0,0
1910-11-30 00:00:00,0,18.92,9.31,0,0
1910-12-31 00:00:00,0,18.92,9.05,4.43,0
1911-01-31 00:00:00,0,18.92,8.995,0,0
1911-02-28 00:00:00,0,18.92,9.43,0,0
1911-03-31 00:00:00,0,18.92,9.32,0,0
1911-04-30 00:00:00,0,18.92,9.28,0,0
1911-05-31 00:00:00,0,18.92,9.48,0,0
1911-06-30 00:00:00,0,18.92,9.67,0,0
1911-07-31 00:00:00,0,18.92,9.63,0,0
1911-08-31 00:00:00,0,18.92,9.17,0,0
1911-09-30 00:00:00,0,18.92,8.67,0,0
1911-10-31 00:00:00,0,18.92,0,0,0
1911-11-30 00:00:00,0,18.92,9.07,0,0
1911-12-31 00:00:00,0,18.92,9.11,4.33,0
1912-01-31 00:00:00,0,18.93,9.48,0,0
1912-02-29 00:00:00,0,18.93,9.04,0,0
1912-03-31 00:00:00,0,18.93,9.3,0,0
1912-04-30 00:00:00,0,18.93,9.59,0,0
1912-05-31 00:00:00,0,18.93,9.58,0,0
1912-06-30 00:00:00,0,18.93,9.58,0,0
1912-07-31 00:00:00,0,18.93,9.59,0,0
1912-08-31 00:00:00,0,18.93,9.81,0,0
1912-09-30 00:00:00,0,18.93,9.86,0,0
1912-10-31 00:00:00,0,18.93,0,0,0
1912-11-30 00:00:00,0,18.93,9.73,0,0
1912-12-31 00:00:00,0,18.93,9.38,4.49,0
1913-01-31 00:00:00,0,18.92,8.78,0,0
1913-02-28 00:00:00,0,18.92,8.97,0,0
1913-03-31 00:00:00,0,18.92,8.8,0,0
1913-04-30 00:00:00,0,18.92,8.79,0,0
1913-05-31 00:00:00,0,18.92,8.55,0,0
1913-06-30 00:00:00,0,18.92,8.12,0,0
1913-07-31 00:00:00,0,18.92,8.23,0,0
1913-08-31 00:00:00,0,18.92,8.45,0,0
1913-09-30 00:00:00,0,18.92,8.53,0,0
1913-10-31 00:00:00,0,18.92,0,0,0
1913-11-30 00:00:00,0,18.92,8.05,0,0
1913-12-31 00:00:00,0,18.92,8.04,4.49,0
1914-01-31 00:00:00,0,18.99,8.025,0,0
1914-02-28 00:00:00,0,18.99,8.48,0,0
1914-03-31 00:00:00,0,18.99,8.32,0,0
1914-04-30 00:00:00,0,18.99,8.12,0,0
1914-05-31 00:00:00,0,18.99,8.17,0,0
1914-06-30 00:00:00,0,18.99,8.13,0,0
1914-07-31 00:00:00,0,18.99,7.68,0,0
1914-08-31 00:00:00,0,18.99,7.68,0,0
1914-09-30 00:00:00,0,18.99,7.68,0,0
1914-10-31 00:00:00,0,18.99,0,0,0
1914-11-30 00:00:00,0,18.99,7.68,0,0
1914-12-31 00:00:00,0,18.99,7.35,4.66,0
1915-01-31 00:00:00,0,18.99,8.31,0,0
1915-02-28 00:00:00,0,18.99,7.38,0,0
1915-03-31 00:00:00,0,18.99,7.57,0,0
1915-04-30 00:00:00,0,18.99,8.14,0,0
1915-05-31 00:00:00,0,18.99,7.95,0,0
1915-06-30 00:00:00,0,18.99,8.04,0,0
1915-07-31 00:00:00,0,18.99,8.01,0,0
1915-08-31 00:00:00,0,18.99,8.35,0,0
1915-09-30 00:00:00,0,18.99,8.66,0,0
1915-10-31 00:00:00,0,18.99,0,0,0
1915-11-30 00:00:00,0,18.99,9.46,0,0
1915-12-31 00:00:00,0,18.99,9.48,4.28,0
1916-01-31 00:00:00,0,18.99,9.655,0,0
1916-02-29 00:00:00,0,18.99,9.2,0,0
1916-03-31 00:00:00,0,18.99,9.17,0,0
1916-04-30 00:00:00,0,18.99,9.07,0,0
1916-05-31 00:00:00,0,18.99,9.27,0,0
1916-06-30 00:00:00,0,18.99,9.36,0,0
1916-07-31 00:00:00,0,18.99,9.23,0,0
1916-08-31 00:00:00,0,18.99,9.3,0,0
1916-09-30 00:00:00,0,18.99,9.68,0,0
1916-10-31 00:00:00,0,18.99,0,0,0
1916-11-30 00:00:00,0,18.99,10.21,0,0
1916-12-31 00:00:00,0,18.99,9.8,4.68,0
1917-01-31 00:00:00,0,18.99,8.625,0,0
1917-02-28 00:00:00,0,18.99,9.03,0,0
1917-03-31 00:00:00,0,18.99,9.31,0,0
1917-04-30 00:00:00,0,18.99,9.17,0,0
1917-05-31 00:00:00,0,18.99,8.86,0,0
1917-06-30 00:00:00,0,18.99,9.04,0,0
1917-07-31 00:00:00,0,18.99,8.79,0,0
1917-08-31 00:00:00,0,18.99,8.53,0,0
1917-09-30 00:00:00,0,18.99,8.12,0,0
1917-10-31 00:00:00,0,18.99,0,0,0
1917-11-30 00:00:00,0,18.99,7.04,0,0
1917-12-31 00:00:00,0,18.99,6.8,4.78,0
1918-01-31 00:00:00,0,18.99,7.535,0,0
1918-02-28 00:00:00,0,18.99,7.43,0,0
1918-03-31 00:00:00,0,18.99,7.28,0,0
1918-04-30 00:00:00,0,18.99,7.21,0,0
1918-05-31 00:00:00,0,18.99,7.44,0,0
1918-06-30 00:00:00,0,18.99,7.45,0,0
1918-07-31 00:00:00,0,18.99,7.51,0,0
1918-08-31 00:00:00,0,18.99,7.58,0,0
1918-09-30 00:00:00,0,18.99,7.54,0,0
1918-10-31 00:00:00,0,18.99,0,0,0
1918-11-30 00:00:00,0,18.99,8.06,0,0
1918-12-31 00:00:00,0,18.99,7.9,5.08,0
1919-01-31 00:00:00,0,19.95,8.66,0,0
1919-02-28 00:00:00,0,19.95,7.88,0,0
1919-03-31 00:00:00,0,19.95,8.12,0,0
1919-04-30 00:00:00,0,19.95,8.39,0,0
1919-05-31 00:00:00,0,19.95,8.97,0,0
1919-06-30 00:00:00,0,19.95,9.21,0,0
1919-07-31 00:00:00,0,19.95,9.51,0,0
1919-08-31 00:00:00,0,19.95,8.87,0,0
1919-09-30 00:00:00,0,19.95,9.01,0,0
1919-10-31 00:00:00,0,19.95,0,0,0
1919-11-30 00:00:00,0,19.95,9.19,0,0
1919-12-31 00:00:00,0,19.95,8.92,5.59,0
1920-01-31 00:00:00,0,20.68,8.355,0,0
1920-02-29 00:00:00,0,20.68,8.1,0,0
1920-03-31 00:00:00,0,20.68,8.67,0,0
1920-04-30 00:00:00,0,20.68,8.6,0,0
1920-05-31 00:00:00,0,20.68,8.06,0,0
1920-06-30 00:00:00,0,20.68,7.92,0,0
1920-07-31 00:00:00,0,20.68,7.91,0,0
1920-08-31 00:00:00,0,20.68,7.6,0,0
1920-09-30 00:00:00,0,20.68,7.87,0,0
1920-10-31 00:00:00,0,20.68,0,0,0
1920-11-30 00:00:00,0,20.68,7.48,0,0
1920-12-31 00:00:00,0,20.68,6.81,6.13,0
1921-01-31 00:00:00,0,20.58,6.905,0,0
1921-02-28 00:00:00,0,20.58,7.06,0,0
1921-03-31 00:00:00,0,20.58,6.88,0,0
1921-04-30 00:00:00,0,20.58,6.91,0,0
1921-05-31 00:00:00,0,20.58,7.12,0,0
1921-06-30 00:00:00,0,20.58,6.55,0,0
1921-07-31 00:00:00,0,20.58,6.53,0,0
1921-08-31 00:00:00,0,20.58,6.45,0,0
1921-09-30 00:00:00,0,20.58,6.61,0,0
1921-10-31 00:00:00,0,20.58,0,0,0
1921-11-30 00:00:00,0,20.58,7.06,0,0
1921-12-31 00:00:00,0,20.58,7.31,5.99,0
1922-01-31 00:00:00,0,20.66,8.28,0,0
1922-02-28 00:00:00,0,20.66,7.46,0,0
1922-03-31 00:00:00,0,20.66,7.74,0,0
1922-04-30 00:00:00,0,20.66,8.21,0,0
1922-05-31 00:00:00,0,20.66,8.53,0,0
1922-06-30 00:00:00,0,20.66,8.45,0,0
1922-07-31 00:00:00,0,20.66,8.51,0,0
1922-08-31 00:00:00,0,20.66,8.83,0,0
1922-09-30 00:00:00,0,20.66,9.06,0,0
1922-10-31 00:00:00,0,20.66,0,0,0
1922-11-30 00:00:00,0,20.66,8.8,0,0
1922-12-31 00:00:00,0,20.66,8.78,6.07,0
1923-01-31 00:00:00,0,21.32,8.465,0,0
1923-02-28 00:00:00,0,21.32,9.28,0,0
1923-03-31 00:00:00,0,21.32,9.43,0,0
1923-04-30 00:00:00,0,21.32,9.1,0,0
1923-05-31 00:00:00,0,21.32,8.67,0,0
1923-06-30 00:00:00,0,21.32,8.34,0,0
1923-07-31 00:00:00,0,21.32,8.06,0,0
1923-08-31 00:00:00,0,21.32,8.1,0,0
1923-09-30 00:00:00,0,21.32,8.15,0,0
1923-10-31 00:00:00,0,21.32,0,0,0
1923-11-30 00:00:00,0,21.32,8.27,0,0
1923-12-31 00:00:00,0,21.32,8.55,6.16,0
1924-01-31 00:00:00,0,20.69,8.98,0,0
1924-02-29 00:00:00,0,20.69,8.87,0,0
1924-03-31 00:00:00,0,20.69,8.7,0,0
1924-04-30 00:00:00,0,20.69,8.5,0,0
1924-05-31 00:00:00,0,20.69,8.47,0,0
1924-06-30 00:00:00,0,20.69,8.63,0,0
1924-07-31 00:00:00,0,20.69,9.03,0,0
1924-08-31 00:00:00,0,20.69,9.34,0,0
1924-09-30 00:00:00,0,20.69,9.25,0,0
1924-10-31 00:00:00,0,20.69,0,0,0
1924-11-30 00:00:00,0,20.69,9.64,0,0
1924-12-31 00:00:00,0,20.69,10.16,6.17,0
1925-01-31 00:00:00,0,20.64,11.235,0,0
1925-02-28 00:00:00,0,20.64,10.67,0,0
1925-03-31 00:00:00,0,20.64,10.39,0,0
1925-04-30 00:00:00,0,20.64,10.28,0,0
1925-05-31 00:00:00,0,20.64,10.61,0,0
1925-06-30 00:00:00,0,20.64,10.8,0,0
1925-07-31 00:00:00,0,20.64,11.1,0,0
1925-08-31 00:00:00,0,20.64,11.25,0,0
1925-09-30 00:00:00,0,20.64,11.51,0,0
1925-10-31 00:00:00,0,20.64,0,0,0
1925-11-30 00:00:00,0,20.64,12.26,0,0
1925-12-31 00:00:00,0,20.64,12.46,6.5,0
1926-01-31 00:00:00,0,20.63,12.835,0,0
1926-02-28 00:00:00,0,20.63,12.67,0,0
1926-03-31 00:00:00,0,20.63,11.81,0,0
1926-04-30 00:00:00,0,20.63,11.48,0,0
1926-05-31 00:00:00,0,20.63,11.56,0,0
1926-06-30 00:00:00,0,20.63,12.11,0,0
1926-07-31 00:00:00,0,20.63,12.62,0,0
1926-08-31 00:00:00,0,20.63,13.12,0,0
1926-09-30 00:00:00,0,20.63,13.32,0,0
1926-10-31 00:00:00,0,20.63,0,0,0
1926-11-30 00:00:00,0,20.63,13.19,0,0
1926-12-31 00:00:00,0,20.63,13.49,6.23,0
1927-01-31 00:00:00,0,20.64,15.04,0,0
1927-02-28 00:00:00,0,20.64,13.66,0,0
1927-03-31 00:00:00,0,20.64,13.87,0,0
1927-04-30 00:00:00,0,20.64,14.21,0,0
1927-05-31 00:00:00,0,20.64,14.7,0,0
1927-06-30 00:00:00,0,20.64,14.89,0,0
1927-07-31 00:00:00,0,20.64,15.22,0,0
1927-08-31 00:00:00,0,20.64,16.03,0,0
1927-09-30 00:00:00,0,20.64,16.94,0,0
1927-10-31 00:00:00,0,20.64,0,0,0
1927-11-30 00:00:00,0,20.64,17.06,0,0
1927-12-31 00:00:00,0,20.64,17.46,6,0
1928-01-31 00:00:00,0,20.66,19.565,0,0
1928-02-29 00:00:00,0,20.66,17.32,0,0
1928-03-31 00:00:00,0,20.66,18.25,0,0
1928-04-30 00:00:00,0,20.66,19.4,0,0
1928-05-31 00:00:00,0,20.66,20,0,0
1928-06-30 00:00:00,0,20.66,19.02,0,0
1928-07-31 00:00:00,0,20.66,19.16,0,0
1928-08-31 00:00:00,0,20.66,19.78,0,0
1928-09-30 00:00:00,0,20.66,21.17,0,0
1928-10-31 00:00:00,0,20.66,0,0,0
1928-11-30 00:00:00,0,20.66,23.06,0,0
1928-12-31 00:00:00,0,20.66,23.15,6.09,0
1929-01-31 00:00:00,0,20.63,26.425,0,0
1929-02-28 00:00:00,0,20.63,24.99,0,0
1929-03-31 00:00:00,0,20.63,25.43,0,0
1929-04-30 00:00:00,0,20.63,25.28,0,0
1929-05-31 00:00:00,0,20.63,25.66,0,0
1929-06-30 00:00:00,0,20.63,26.15,0,0
1929-07-31 00:00:00,0,20.63,28.48,0,0
1929-08-31 00:00:00,0,20.63,30.1,0,0
1929-09-30 00:00:00,0,20.63,31.3,0,0
1929-10-31 00:00:00,0,20.63,0,0,0
1929-11-30 00:00:00,0,20.63,20.58,0,0
1929-12-31 00:00:00,0,20.63,21.4,5.97,0
1930-01-31 00:00:00,0,20.65,19.815,0,0
1930-02-28 00:00:00,0,20.65,23.07,0,0
1930-03-31 00:00:00,0,20.65,23.94,0,0
1930-04-30 00:00:00,0,20.65,25.46,0,0
1930-05-31 00:00:00,0,20.65,23.94,0,0
1930-06-30 00:00:00,0,20.65,21.52,0,0
1930-07-31 00:00:00,0,20.65,21.06,0,0
1930-08-31 00:00:00,0,20.65,20.79,0,0
1930-09-30 00:00:00,0,20.65,20.78,0,0
1930-10-31 00:00:00,0,20.65,0,0,0
1930-11-30 00:00:00,0,20.65,16.62,0,0
1930-12-31 00:00:00,0,20.65,15.51,5.71,0
1931-01-31 00:00:00,0,17.06,13.115,0,0
1931-02-28 00:00:00,0,17.06,17.2,0,0
1931-03-31 00:00:00,0,17.06,17.53,0,0
1931-04-30 00:00:00,0,17.06,15.86,0,0
1931-05-31 00:00:00,0,17.06,14.33,0,0
1931-06-30 00:00:00,0,17.06,13.87,0,0
1931-07-31 00:00:00,0,17.06,14.33,0,0
1931-08-31 00:00:00,0,17.06,13.9,0,0
1931-09-30 00:00:00,0,17.06,11.83,0,0
1931-10-31 00:00:00,0,17.06,0,0,0
1931-11-30 00:00:00,0,17.06,10.39,0,0
1931-12-31 00:00:00,0,17.06,8.44,5.24,0
1932-01-31 00:00:00,0,20.69,7.71,0,0
1932-02-29 00:00:00,0,20.69,8.23,0,0
1932-03-31 00:00:00,0,20.69,8.26,0,0
1932-04-30 00:00:00,0,20.69,6.28,0,0
1932-05-31 00:00:00,0,20.69,5.51,0,0
1932-06-30 00:00:00,0,20.69,4.77,0,0
1932-07-31 00:00:00,0,20.69,5.01,0,0
1932-08-31 00:00:00,0,20.69,7.53,0,0
1932-09-30 00:00:00,0,20.69,8.26,0,0
1932-10-31 00:00:00,0,20.69,0,0,0
1932-11-30 00:00:00,0,20.69,7.05,0,0
1932-12-31 00:00:00,0,20.69,6.82,4.7,0
1933-01-31 00:00:00,0,26.33,8.32,0,0
1933-02-28 00:00:00,0,26.33,6.25,0,0
1933-03-31 00:00:00,0,26.33,6.23,0,0
1933-04-30 00:00:00,0,26.33,6.89,0,0
1933-05-31 00:00:00,0,26.33,8.87,0,0
1933-06-30 00:00:00,0,26.33,10.39,0,0
1933-07-31 00:00:00,0,26.33,11.23,0,0
1933-08-31 00:00:00,0,26.33,10.67,0,0
1933-09-30 00:00:00,0,26.33,10.58,0,0
1933-10-31 00:00:00,0,26.33,0,0,0
1933-11-30 00:00:00,0,26.33,9.78,0,0
1933-12-31 00:00:00,0,26.33,9.97,4.52,0
1934-01-31 00:00:00,0,34.69,9.745,0,0
1934-02-28 00:00:00,0,34.69,11.32,0,0
1934-03-31 00:00:00,0,34.69,10.74,0,0
1934-04-30 00:00:00,0,34.69,10.92,0,0
1934-05-31 00:00:00,0,34.69,9.81,0,0
1934-06-30 00:00:00,0,34.69,9.94,0,0
1934-07-31 00:00:00,0,34.69,9.47,0,0
1934-08-31 00:00:00,0,34.69,9.1,0,0
1934-09-30 00:00:00,0,34.69,8.88,0,0
1934-10-31 00:00:00,0,34.69,0,0,0
1934-11-30 00:00:00,0,34.69,9.2,0,0
1934-12-31 00:00:00,0,34.69,9.26,4.65,0
1935-01-31 00:00:00,0,34.84,10.59,0,0
1935-02-28 00:00:00,0,34.84,8.98,0,0
1935-03-31 00:00:00,0,34.84,8.41,0,0
1935-04-30 00:00:00,0,34.84,9.04,0,0
1935-05-31 00:00:00,0,34.84,9.75,0,0
1935-06-30 00:00:00,0,34.84,10.12,0,0
1935-07-31 00:00:00,0,34.84,10.65,0,0
1935-08-31 00:00:00,0,34.84,11.37,0,0
1935-09-30 00:00:00,0,34.84,11.61,0,0
1935-10-31 00:00:00,0,34.84,0,0,0
1935-11-30 00:00:00,0,34.84,13.04,0,0
1935-12-31 00:00:00,0,34.84,13.04,5.1,0
1936-01-31 00:00:00,0,34.87,15.325,0,0
1936-02-29 00:00:00,0,34.87,14.55,0,0
1936-03-31 00:00:00,0,34.87,14.86,0,0
1936-04-30 00:00:00,0,34.87,14.88,0,0
1936-05-31 00:00:00,0,34.87,14.09,0,0
1936-06-30 00:00:00,0,34.87,14.69,0,0
1936-07-31 00:00:00,0,34.87,15.56,0,0
1936-08-31 00:00:00,0,34.87,15.87,0,0
1936-09-30 00:00:00,0,34.87,16.05,0,0
1936-10-31 00:00:00,0,34.87,0,0,0
1936-11-30 00:00:00,0,34.87,17.36,0,0
1936-12-31 00:00:00,0,34.87,17.06,5.27,0
1937-01-31 00:00:00,0,34.79,14.935,0,0
1937-02-28 00:00:00,0,34.79,18.11,0,0
1937-03-31 00:00:00,0,34.79,18.09,0,0
1937-04-30 00:00:00,0,34.79,17.01,0,0
1937-05-31 00:00:00,0,34.79,16.25,0,0
1937-06-30 00:00:00,0,34.79,15.64,0,0
1937-07-31 00:00:00,0,34.79,16.57,0,0
1937-08-31 00:00:00,0,34.79,16.74,0,0
1937-09-30 00:00:00,0,34.79,14.37,0,0
1937-10-31 00:00:00,0,34.79,0,0,0
1937-11-30 00:00:00,0,34.79,11.2,0,0
1937-12-31 00:00:00,0,34.79,11.02,5.4,0
1938-01-31 00:00:00,0,34.85,12.185,0,0
1938-02-28 00:00:00,0,34.85,11.04,0,0
1938-03-31 00:00:00,0,34.85,10.31,0,0
1938-04-30 00:00:00,0,34.85,9.89,0,0
1938-05-31 00:00:00,0,34.85,9.98,0,0
1938-06-30 00:00:00,0,34.85,10.21,0,0
1938-07-31 00:00:00,0,34.85,12.24,0,0
1938-08-31 00:00:00,0,34.85,12.31,0,0
1938-09-30 00:00:00,0,34.85,11.75,0,0
1938-10-31 00:00:00,0,34.85,0,0,0
1938-11-30 00:00:00,0,34.85,13.07,0,0
1938-12-31 00:00:00,0,34.85,12.69,5.35,0
1939-01-31 00:00:00,0,34.42,12.7,0,0
1939-02-28 00:00:00,0,34.42,12.4,0,0
1939-03-31 00:00:00,0,34.42,12.39,0,0
1939-04-30 00:00:00,0,34.42,10.83,0,0
1939-05-31 00:00:00,0,34.42,11.23,0,0
1939-06-30 00:00:00,0,34.42,11.43,0,0
1939-07-31 00:00:00,0,34.42,11.71,0,0
1939-08-31 00:00:00,0,34.42,11.54,0,0
1939-09-30 00:00:00,0,34.42,12.77,0,0
1939-10-31 00:00:00,0,34.42,0,0,0
1939-11-30 00:00:00,0,34.42,12.67,0,0
1939-12-31 00:00:00,0,34.42,12.37,5.28,0
1940-01-31 00:00:00,0,33.85,11.515,0,0
1940-02-29 00:00:00,0,33.85,12.22,0,0
1940-03-31 00:00:00,0,33.85,12.15,0,0
1940-04-30 00:00:00,0,33.85,12.27,0,0
1940-05-31 00:00:00,0,33.85,10.58,0,0
1940-06-30 00:00:00,0,33.85,9.67,0,0
1940-07-31 00:00:00,0,33.85,9.99,0,0
1940-08-31 00:00:00,0,33.85,10.2,0,0
1940-09-30 00:00:00,0,33.85,10.63,0,0
1940-10-31 00:00:00,0,33.85,0,0,0
1940-11-30 00:00:00,0,33.85,10.98,0,0
1940-12-31 00:00:00,0,33.85,10.53,5.46,0
1941-01-31 00:00:00,0,33.85,10.19,0,0
1941-02-28 00:00:00,0,33.85,9.89,0,0
1941-03-31 00:00:00,0,33.85,9.95,0,0
1941-04-30 00:00:00,0,33.85,9.64,0,0
1941-05-31 00:00:00,0,33.85,9.43,0,0
1941-06-30 00:00:00,0,33.85,9.76,0,0
1941-07-31 00:00:00,0,33.85,10.26,0,0
1941-08-31 00:00:00,0,33.85,10.21,0,0
1941-09-30 00:00:00,0,33.85,10.24,0,0
1941-10-31 00:00:00,0,33.85,0,0,0
1941-11-30 00:00:00,0,33.85,9.37,0,0
1941-12-31 00:00:00,0,33.85,8.76,5,0
1942-01-31 00:00:00,0,33.85,9.125,0,0
1942-02-28 00:00:00,0,33.85,8.65,0,0
1942-03-31 00:00:00,0,33.85,8.18,0,0
1942-04-30 00:00:00,0,33.85,7.84,0,0
1942-05-31 00:00:00,0,33.85,7.93,0,0
1942-06-30 00:00:00,0,33.85,8.33,0,0
1942-07-31 00:00:00,0,33.85,8.64,0,0
1942-08-31 00:00:00,0,33.85,8.59,0,0
1942-09-30 00:00:00,0,33.85,8.68,0,0
1942-10-31 00:00:00,0,33.85,0,0,0
1942-11-30 00:00:00,0,33.85,9.47,0,0
1942-12-31 00:00:00,0,33.85,9.52,5.17,0
1943-01-31 00:00:00,0,33.85,10.985,0,0
1943-02-28 00:00:00,0,33.85,10.69,0,0
1943-03-31 00:00:00,0,33.85,11.07,0,0
1943-04-30 00:00:00,0,33.85,11.44,0,0
1943-05-31 00:00:00,0,33.85,11.89,0,0
1943-06-30 00:00:00,0,33.85,12.1,0,0
1943-07-31 00:00:00,0,33.85,12.35,0,0
1943-08-31 00:00:00,0,33.85,11.74,0,0
1943-09-30 00:00:00,0,33.85,11.99,0,0
1943-10-31 00:00:00,0,33.85,0,0,0
1943-11-30 00:00:00,0,33.85,11.33,0,0
1943-12-31 00:00:00,0,33.85,11.48,5.76,0
1944-01-31 00:00:00,0,33.85,12.38,0,0
1944-02-29 00:00:00,0,33.85,11.77,0,0
1944-03-31 00:00:00,0,33.85,12.1,0,0
1944-04-30 00:00:00,0,33.85,11.89,0,0
1944-05-31 00:00:00,0,33.85,12.1,0,0
1944-06-30 00:00:00,0,33.85,12.67,0,0
1944-07-31 00:00:00,0,33.85,13,0,0
1944-08-31 00:00:00,0,33.85,12.81,0,0
1944-09-30 00:00:00,0,33.85,12.6,0,0
1944-10-31 00:00:00,0,33.85,0,0,0
1944-11-30 00:00:00,0,33.85,12.82,0,0
1944-12-31 00:00:00,0,33.85,13.1,6.71,0
1945-01-31 00:00:00,0,34.71,14.995,0,0
1945-02-28 00:00:00,0,34.71,13.94,0,0
1945-03-31 00:00:00,0,34.71,13.93,0,0
1945-04-30 00:00:00,0,34.71,14.28,0,0
1945-05-31 00:00:00,0,34.71,14.82,0,0
1945-06-30 00:00:00,0,34.71,15.09,0,0
1945-07-31 00:00:00,0,34.71,14.78,0,0
1945-08-31 00:00:00,0,34.71,14.83,0,0
1945-09-30 00:00:00,0,34.71,15.84,0,0
1945-10-31 00:00:00,0,34.71,0,0,0
1945-11-30 00:00:00,0,34.71,17.04,0,0
1945-12-31 00:00:00,0,34.71,17.33,7.5,0
1946-01-31 00:00:00,0,34.71,16.385,0,0
1946-02-28 00:00:00,0,34.71,18.07,0,0
1946-03-31 00:00:00,0,34.71,17.53,0,0
1946-04-30 00:00:00,0,34.71,18.66,0,0
1946-05-31 00:00:00,0,34.71,18.7,0,0
1946-06-30 00:00:00,0,34.71,18.58,0,0
1946-07-31 00:00:00,0,34.71,18.05,0,0
1946-08-31 00:00:00,0,34.71,17.7,0,0
1946-09-30 00:00:00,0,34.71,15.09,0,0
1946-10-31 00:00:00,0,34.71,0,0,0
1946-11-30 00:00:00,0,34.71,14.69,0,0
1946-12-31 00:00:00,0,34.71,15.13,9.31,0
1947-01-31 00:00:00,0,34.71,15.33,0,0
1947-02-28 00:00:00,0,34.71,15.8,0,0
1947-03-31 00:00:00,0,34.71,15.16,0,0
1947-04-30 00:00:00,0,34.71,14.6,0,0
1947-05-31 00:00:00,0,34.71,14.34,0,0
1947-06-30 00:00:00,0,34.71,14.84,0,0
1947-07-31 00:00:00,0,34.71,15.77,0,0
1947-08-31 00:00:00,0,34.71,15.46,0,0
1947-09-30 00:00:00,0,34.71,15.06,0,0
1947-10-31 00:00:00,0,34.71,0,0,0
1947-11-30 00:00:00,0,34.71,15.27,0,0
1947-12-31 00:00:00,0,34.71,15.03,11.29,0
1948-01-31 00:00:00,0,34.71,15.51,0,0
1948-02-29 00:00:00,0,34.71,14.1,0,0
1948-03-31 00:00:00,0,34.71,14.3,0,0
1948-04-30 00:00:00,0,34.71,15.4,0,0
1948-05-31 00:00:00,0,34.71,16.15,0,0
1948-06-30 00:00:00,0,34.71,16.82,0,0
1948-07-31 00:00:00,0,34.71,16.42,0,0
1948-08-31 00:00:00,0,34.71,15.94,0,0
1948-09-30 00:00:00,0,34.71,15.76,0,0
1948-10-31 00:00:00,0,34.71,0,0,0
1948-11-30 00:00:00,0,34.71,15.29,0,0
1948-12-31 00:00:00,0,34.71,15.19,11.53,0
1949-01-31 00:00:00,0,31.69,15.625,0,0
1949-02-28 00:00:00,0,31.69,14.77,0,0
1949-03-31 00:00:00,0,31.69,14.91,0,0
1949-04-30 00:00:00,0,31.69,14.89,0,0
1949-05-31 00:00:00,0,31.69,14.78,0,0
1949-06-30 00:00:00,0,31.69,13.97,0,0
1949-07-31 00:00:00,0,31.69,14.76,0,0
1949-08-31 00:00:00,0,31.69,15.29,0,0
1949-09-30 00:00:00,0,31.69,15.49,0,0
1949-10-31 00:00:00,0,31.69,0,0,0
1949-11-30 00:00:00,0,31.69,16.11,0,0
1949-12-31 00:00:00,0,31.69,16.54,11.54,0
1950-01-31 00:00:00,0,34.72,18.375,0,0
1950-02-28 00:00:00,0,34.72,17.21,0,0
1950-03-31 00:00:00,0,34.72,17.35,0,0
1950-04-30 00:00:00,0,34.72,17.84,0,0
1950-05-31 00:00:00,0,34.72,18.44,0,0
1950-06-30 00:00:00,0,34.72,18.74,0,0
1950-07-31 00:00:00,0,34.72,17.38,0,0
1950-08-31 00:00:00,0,34.72,18.43,0,0
1950-09-30 00:00:00,0,34.72,19.08,0,0
1950-10-31 00:00:00,0,34.72,0,0,0
1950-11-30 00:00:00,0,34.72,19.83,0,0
1950-12-31 00:00:00,0,34.72,19.75,11.96,0
1951-01-31 00:00:00,0,34.72,22.285,0,0
1951-02-28 00:00:00,0,34.72,22,0,0
1951-03-31 00:00:00,0,34.72,21.63,0,0
1951-04-30 00:00:00,0,34.72,21.92,0,0
1951-05-31 00:00:00,0,34.72,21.93,0,0
1951-06-30 00:00:00,0,34.72,21.55,0,0
1951-07-31 00:00:00,0,34.72,21.93,0,0
1951-08-31 00:00:00,0,34.72,22.89,0,0
1951-09-30 00:00:00,0,34.72,23.48,0,0
1951-10-31 00:00:00,0,34.72,0,0,0
1951-11-30 00:00:00,0,34.72,22.71,0,0
1951-12-31 00:00:00,0,34.72,23.41,12.68,0
1952-01-31 00:00:00,0,34.6,24.225,0,0
1952-02-29 00:00:00,0,34.6,23.75,0,0
1952-03-31 00:00:00,0,34.6,23.81,0,0
1952-04-30 00:00:00,0,34.6,23.74,0,0
1952-05-31 00:00:00,0,34.6,23.73,0,0
1952-06-30 00:00:00,0,34.6,24.38,0,0
1952-07-31 00:00:00,0,34.6,25.08,0,0
1952-08-31 00:00:00,0,34.6,25.18,0,0
1952-09-30 00:00:00,0,34.6,24.78,0,0
1952-10-31 00:00:00,0,34.6,0,0,0
1952-11-30 00:00:00,0,34.6,25.03,0,0
1952-12-31 00:00:00,0,34.6,26.04,13.24,0
1953-01-31 00:00:00,0,34.84,25.075,0,0
1953-02-28 00:00:00,0,34.84,25.86,0,0
1953-03-31 00:00:00,0,34.84,25.99,14.66,0
1953-04-30 00:00:00,0,34.84,24.71,0,0
1953-05-31 00:00:00,0,34.84,24.84,0,0
1953-06-30 00:00:00,0,34.84,23.95,14.71,0
1953-07-31 00:00:00,0,34.84,24.29,0,0
1953-08-31 00:00:00,0,34.84,24.39,0,0
1953-09-30 00:00:00,0,34.84,23.27,14.76,0
1953-10-31 00:00:00,0,34.84,0,0,0
1953-11-30 00:00:00,0,34.84,24.5,0,0
1953-12-31 00:00:00,0,34.84,24.83,14.77,0
1954-01-31 00:00:00,0,35.04,28.82,0,0
1954-02-28 00:00:00,0,35.04,26.02,0,0
1954-03-31 00:00:00,0,35.04,26.57,14.77,0
1954-04-30 00:00:00,0,35.04,27.63,0,0
1954-05-31 00:00:00,0,35.04,28.73,0,0
1954-06-30 00:00:00,0,35.04,28.96,14.77,0
1954-07-31 00:00:00,0,35.04,30.13,0,0
1954-08-31 00:00:00,0,35.04,30.73,0,0
1954-09-30 00:00:00,0,35.04,31.45,14.87,0
1954-10-31 00:00:00,0,35.04,0,0,0
1954-11-30 00:00:00,0,35.04,33.44,0,0
1954-12-31 00:00:00,0,35.04,34.97,14.89,0
1955-01-31 00:00:00,0,35.03,38.855,0,0
1955-02-28 00:00:00,0,35.03,36.79,0,0
1955-03-31 00:00:00,0,35.03,36.5,14.87,0
1955-04-30 00:00:00,0,35.03,37.76,0,0
1955-05-31 00:00:00,0,35.03,37.6,0,0
1955-06-30 00:00:00,0,35.03,39.78,14.77,0
1955-07-31 00:00:00,0,35.03,42.69,0,0
1955-08-31 00:00:00,0,35.03,42.43,0,0
1955-09-30 00:00:00,0,35.03,44.34,14.93,0
1955-10-31 00:00:00,0,35.03,0,0,0
1955-11-30 00:00:00,0,35.03,44.95,0,0
1955-12-31 00:00:00,0,35.03,45.37,14.93,0
1956-01-31 00:00:00,0,34.99,45.195,0,0
1956-02-29 00:00:00,0,34.99,44.43,0,0
1956-03-31 00:00:00,0,34.99,47.49,14.81,0
1956-04-30 00:00:00,0,34.99,48.05,0,0
1956-05-31 00:00:00,0,34.99,46.54,0,0
1956-06-30 00:00:00,0,34.99,46.27,14.76,0
1956-07-31 00:00:00,0,34.99,48.78,0,0
1956-08-31 00:00:00,0,34.99,48.49,0,0
1956-09-30 00:00:00,0,34.99,46.84,15.05,0
1956-10-31 00:00:00,0,34.99,0,0,0
1956-11-30 00:00:00,0,34.99,45.76,0,0
1956-12-31 00:00:00,0,34.99,46.44,15.04,0
1957-01-31 00:00:00,0,34.95,43.335,0,0
1957-02-28 00:00:00,0,34.95,43.47,0,0
1957-03-31 00:00:00,0,34.95,44.03,15.18,0
1957-04-30 00:00:00,0,34.95,45.05,0,0
1957-05-31 00:00:00,0,34.95,46.78,0,0
1957-06-30 00:00:00,0,34.95,47.55,15.34,0
1957-07-31 00:00:00,0,34.95,48.51,0,0
1957-08-31 00:00:00,0,34.95,45.84,0,0
1957-09-30 00:00:00,0,34.95,43.98,15.34,0
1957-10-31 00:00:00,0,34.95,0,0,0
1957-11-30 00:00:00,0,34.95,40.35,0,0
1957-12-31 00:00:00,0,34.95,40.33,15.46,0
1958-01-31 00:00:00,0,35.1,46.035,0,0
1958-02-28 00:00:00,0,35.1,41.26,0,0
1958-03-31 00:00:00,0,35.1,42.11,15.51,0
1958-04-30 00:00:00,0,35.1,42.34,0,0
1958-05-31 00:00:00,0,35.1,43.7,0,0
1958-06-30 00:00:00,0,35.1,44.75,15.63,0
1958-07-31 00:00:00,0,35.1,45.98,0,0
1958-08-31 00:00:00,0,35.1,47.7,0,0
1958-09-30 00:00:00,0,35.1,48.96,15.55,0
1958-10-31 00:00:00,0,35.1,0,0,0
1958-11-30 00:00:00,0,35.1,52.5,0,0
1958-12-31 00:00:00,0,35.1,53.49,15.52,0
1959-01-31 00:00:00,0,35.1,56.31,0,286.6
1959-02-28 00:00:00,0,35.1,54.77,0,287.7
1959-03-31 00:00:00,0,35.1,56.16,15.5,289.2
1959-04-30 00:00:00,0,35.1,57.1,0,290.1
1959-05-31 00:00:00,0,35.1,57.96,0,292.2
1959-06-30 00:00:00,0,35.1,57.46,15.54,294.1
1959-07-31 00:00:00,0,35.1,59.74,0,295.2
1959-08-31 00:00:00,0,35.1,59.4,0,296.4
1959-09-30 00:00:00,0,35.1,57.05,15.51,296.7
1959-10-31 00:00:00,0,35.1,0,0,296.5
1959-11-30 00:00:00,0,35.1,57.23,0,297.1
1959-12-31 00:00:00,0,35.1,59.06,15.6,297.8
1960-01-31 00:00:00,0,35.27,55.88,0,298.2
1960-02-29 00:00:00,0,35.27,55.78,0,298.4
1960-03-31 00:00:00,0,35.27,55.02,15.61,299.3
1960-04-30 00:00:00,0,35.27,55.73,0,300.1
1960-05-31 00:00:00,0,35.27,55.22,0,300.9
1960-06-30 00:00:00,0,35.27,57.26,15.58,302.3
1960-07-31 00:00:00,0,35.27,55.84,0,304.1
1960-08-31 00:00:00,0,35.27,56.51,0,306.9
1960-09-30 00:00:00,0,35.27,54.81,15.61,308.4
1960-10-31 00:00:00,0,35.27,0,0,309.5
1960-11-30 00:00:00,0,35.27,55.47,0,310.9
1960-12-31 00:00:00,0,35.27,56.8,15.7,312.4
1961-01-31 00:00:00,0,35.25,63.86,0,314.1
1961-02-28 00:00:00,0,35.25,62.17,0,316.5
1961-03-31 00:00:00,0,35.25,64.12,15.67,318.3
1961-04-30 00:00:00,0,35.25,65.83,0,319.9
1961-05-31 00:00:00,0,35.25,66.5,0,322.2
1961-06-30 00:00:00,0,35.25,65.62,15.64,324.3
1961-07-31 00:00:00,0,35.25,65.44,0,325.6
1961-08-31 00:00:00,0,35.25,67.79,0,327.6
1961-09-30 00:00:00,0,35.25,67.26,15.71,329.5
1961-10-31 00:00:00,0,35.25,0,0,331.1
1961-11-30 00:00:00,0,35.25,71.08,0,333.4
1961-12-31 00:00:00,0,35.25,71.74,15.78,335.5
1962-01-31 00:00:00,0,35.23,62.62,0,337.5
1962-02-28 00:00:00,0,35.23,70.22,0,340.1
1962-03-31 00:00:00,0,35.23,70.29,15.83,343.1
1962-04-30 00:00:00,0,35.23,68.05,0,345.5
1962-05-31 00:00:00,0,35.23,62.99,0,347.5
1962-06-30 00:00:00,0,35.23,55.63,15.88,349.3
1962-07-31 00:00:00,0,35.23,56.97,0,350.8
1962-08-31 00:00:00,0,35.23,58.52,0,352.8
1962-09-30 00:00:00,0,35.23,58,15.92,354.9
1962-10-31 00:00:00,0,35.23,0,0,357.2
1962-11-30 00:00:00,0,35.23,60.04,0,359.8
1962-12-31 00:00:00,0,35.23,62.64,15.88,362.7
1963-01-31 00:00:00,0,35.09,69.045,0,365.2
1963-02-28 00:00:00,0,35.09,65.92,0,367.9
1963-03-31 00:00:00,0,35.09,65.67,15.93,370.7
1963-04-30 00:00:00,0,35.09,68.76,0,373.3
1963-05-31 00:00:00,0,35.09,70.14,0,376.1
1963-06-30 00:00:00,0,35.09,70.11,16.03,378.4
1963-07-31 00:00:00,0,35.09,69.07,0,381.1
1963-08-31 00:00:00,0,35.09,70.98,0,383.6
1963-09-30 00:00:00,0,35.09,72.85,16.06,386
1963-10-31 00:00:00,0,35.09,0,0,388.3
1963-11-30 00:00:00,0,35.09,72.62,0,391.5
1963-12-31 00:00:00,0,35.09,74.17,16.15,393.2
1964-01-31 00:00:00,0,35.1,80.65,0,395.2
1964-02-29 00:00:00,0,35.1,77.39,0,397.6
1964-03-31 00:00:00,0,35.1,78.8,16.26,399.8
1964-04-30 00:00:00,0,35.1,79.94,0,401.7
1964-05-31 00:00:00,0,35.1,80.72,0,404.2
1964-06-30 00:00:00,0,35.1,80.24,16.2,407.1
1964-07-31 00:00:00,0,35.1,83.22,0,410.1
1964-08-31 00:00:00,0,35.1,82,0,413.4
1964-09-30 00:00:00,0,35.1,83.41,16.3,416.9
1964-10-31 00:00:00,0,35.1,0,0,419.1
1964-11-30 00:00:00,0,35.1,85.44,0,422
1964-12-31 00:00:00,0,35.1,83.96,16.41,424.7
1965-01-31 00:00:00,0,35.12,88.755,0,427.5
1965-02-28 00:00:00,0,35.12,86.75,0,430.4
1965-03-31 00:00:00,0,35.12,86.83,16.52,433.2
1965-04-30 00:00:00,0,35.12,87.97,0,435.4
1965-05-31 00:00:00,0,35.12,89.28,0,437.1
1965-06-30 00:00:00,0,35.12,85.04,16.44,440.1
1965-07-31 00:00:00,0,35.12,84.91,0,442.9
1965-08-31 00:00:00,0,35.12,86.49,0,445.8
1965-09-30 00:00:00,0,35.12,89.38,16.47,449.5
1965-10-31 00:00:00,0,35.12,0,0,452.6
1965-11-30 00:00:00,0,35.12,92.15,0,455.7
1965-12-31 00:00:00,0,35.12,91.73,16.64,459.2
1966-01-31 00:00:00,0,35.13,85.225,0,462
1966-02-28 00:00:00,0,35.13,92.69,0,464.6
1966-03-31 00:00:00,0,35.13,88.88,16.73,467.2
1966-04-30 00:00:00,0,35.13,91.6,0,469.3
1966-05-31 00:00:00,0,35.13,86.78,0,470.1
1966-06-30 00:00:00,0,35.13,86.06,16.77,471.2
1966-07-31 00:00:00,0,35.13,85.84,0,470.9
1966-08-31 00:00:00,0,35.13,80.65,0,472.6
1966-09-30 00:00:00,0,35.13,77.81,16.79,475.4
1966-10-31 00:00:00,0,35.13,0,0,475.7
1966-11-30 00:00:00,0,35.13,80.99,0,477.3
1966-12-31 00:00:00,0,35.13,81.33,16.86,480.2
1967-01-31 00:00:00,0,34.95,90.055,0,481.6
1967-02-28 00:00:00,0,34.95,87.36,0,485.1
1967-03-31 00:00:00,0,34.95,89.42,16.87,489.7
1967-04-30 00:00:00,0,34.95,90.96,0,492.1
1967-05-31 00:00:00,0,34.95,92.59,0,497.2
1967-06-30 00:00:00,0,34.95,91.43,16.94,502
1967-07-31 00:00:00,0,34.95,93.01,0,506.3
1967-08-31 00:00:00,0,34.95,94.49,0,510.8
1967-09-30 00:00:00,0,34.95,95.81,17.06,514.7
1967-10-31 00:00:00,0,34.95,0,0,518.2
1967-11-30 00:00:00,0,34.95,92.66,0,521.2
1967-12-31 00:00:00,0,34.95,95.3,17.23,524.8
1968-01-31 00:00:00,0,35.5,99.42,0,527.4
1968-02-29 00:00:00,0,36,90.75,0,530.4
1968-03-31 00:00:00,0,37,89.09,17.33,533.2
1968-04-30 00:00:00,0,37.86,95.67,0,535.7
1968-05-31 00:00:00,0,40.7,97.87,0,538.9
1968-06-30 00:00:00,0,41.14,100.5,17.35,542.6
1968-07-31 00:00:00,0,39.46,100.3,0,545.6
1968-08-31 00:00:00,0,39.19,98.11,0,549.4
1968-09-30 00:00:00,0,40.18,101.3,17.52,553.6
1968-10-31 00:00:00,0,39.21,0,0,557.6
1968-11-30 00:00:00,0,39.78,105.4,0,562.4
1968-12-31 00:00:00,0,41.08,106.5,17.85,566.8
1969-01-31 00:00:00,0,42.3,98.76,0,569.3
1969-02-28 00:00:00,0,42.6,101.5,0,571.9
1969-03-31 00:00:00,0,43.16,99.3,18.21,574.4
1969-04-30 00:00:00,0,43.31,101.3,0,575.7
1969-05-31 00:00:00,0,43.46,104.6,0,576.5
1969-06-30 00:00:00,0,41.44,99.14,18.43,578.5
1969-07-31 00:00:00,0,41.76,94.71,0,579.5
1969-08-31 00:00:00,0,41.09,94.18,0,580.1
1969-09-30 00:00:00,0,40.87,94.51,18.79,582.1
1969-10-31 00:00:00,0,40.44,0,0,583.4
1969-11-30 00:00:00,0,37.4,96.21,0,585.4
1969-12-31 00:00:00,0,35.17,91.11,19.17,587.9
1970-01-31 00:00:00,0,34.94,87.34,0,589.6
1970-02-28 00:00:00,0,34.99,87.16,0,586.3
1970-03-31 00:00:00,0,35.09,88.65,19.59,587.3
1970-04-30 00:00:00,0,35.62,85.95,0,588.4
1970-05-31 00:00:00,0,35.95,76.06,0,591.5
1970-06-30 00:00:00,0,35.42,75.59,19.93,595.2
1970-07-31 00:00:00,0,35.32,75.72,0,599.1
1970-08-31 00:00:00,0,35.38,77.92,0,604.9
1970-09-30 00:00:00,0,36.19,82.58,20.32,611.2
1970-10-31 00:00:00,0,37.52,0,0,616.4
1970-11-30 00:00:00,0,37.44,84.28,0,621.1
1970-12-31 00:00:00,0,37.44,90.05,20.74,626.5
1971-01-31 00:00:00,0,37.88,95.39,0,632.9
1971-02-28 00:00:00,0,38.74,97.11,0,641
1971-03-31 00:00:00,0,38.87,99.6,20.88,649.9
1971-04-30 00:00:00,0,39.01,103,0,658.4
1971-05-31 00:00:00,0,40.52,101.6,0,666.7
1971-06-30 00:00:00,0,40.1,99.72,21.1,673
1971-07-31 00:00:00,0,40.95,99,0,679.6
1971-08-31 00:00:00,0,42.71,97.24,0,685.5
1971-09-30 00:00:00,0,42.03,99.4,21.4,692.5
1971-10-31 00:00:00,0,42.5,0,0,698.4
1971-11-30 00:00:00,0,42.86,92.78,0,704.6
1971-12-31 00:00:00,0,43.48,99.17,21.65,710.3
1972-01-31 00:00:00,0,45.75,106.45,0,717.7
1972-02-29 00:00:00,0,48.26,105.2,0,725.7
1972-03-31 00:00:00,0,48.33,107.7,21.84,733.5
1972-04-30 00:00:00,0,49.03,108.8,0,738.4
1972-05-31 00:00:00,0,54.62,107.7,0,743.3
1972-06-30 00:00:00,0,62.09,108,21.97,749.7
1972-07-31 00:00:00,0,65.66,107.2,0,759.5
1972-08-31 00:00:00,0,67.03,111,0,768.7
1972-09-30 00:00:00,0,65.46,109.4,22.36,778.3
1972-10-31 00:00:00,0,64.86,0,0,786.9
1972-11-30 00:00:00,0,62.91,115.1,0,793.9
1972-12-31 00:00:00,0,63.91,117.5,22.37,802.3
1973-01-31 00:00:00,0,65.14,114.1,0,810.3
1973-02-28 00:00:00,0,74.2,114.2,0,814.1
1973-03-31 00:00:00,0,84.37,112.4,22.35,815.3
1973-04-30 00:00:00,0,90.5,110.3,0,819.7
1973-05-31 00:00:00,0,101.96,107.2,0,826.8
1973-06-30 00:00:00,0,120.12,104.8,22.41,833.3
1973-07-31 00:00:00,0,120.17,105.8,0,836.5
1973-08-31 00:00:00,0,106.76,103.8,0,838.8
1973-09-30 00:00:00,0,102.97,105.6,22.61,839.3
1973-10-31 00:00:00,0,100.08,0,0,842.6
1973-11-30 00:00:00,0,94.92,102,0,848.9
1973-12-31 00:00:00,0,106.72,94.78,23.02,855.5
1974-01-31 00:00:00,0,129.19,82.775,0,859.7
1974-02-28 00:00:00,0,150.13,93.45,0,864.2
1974-03-31 00:00:00,0,168.42,97.44,23.56,870.1
1974-04-30 00:00:00,0,172.24,92.46,0,872.9
1974-05-31 00:00:00,0,163.27,89.67,0,874.6
1974-06-30 00:00:00,0,154.1,89.79,24,877.8
1974-07-31 00:00:00,0,142.98,79.31,0,881.4
1974-08-31 00:00:00,0,154.64,76.03,0,884.1
1974-09-30 00:00:00,0,151.75,68.12,24.47,887.9
1974-10-31 00:00:00,0,158.78,0,0,893.3
1974-11-30 00:00:00,0,181.66,71.74,0,898.6
1974-12-31 00:00:00,0,183.78,67.07,25.17,902.1
1975-01-31 00:00:00,0,176.27,80.565,25.34,906.3
1975-02-28 00:00:00,0,179.6,80.1,25.4,914.1
1975-03-31 00:00:00,0,178.16,83.78,25.42,925
1975-04-30 00:00:00,0,169.84,84.72,25.39,935.1
1975-05-31 00:00:00,0,167.39,90.1,25.4,947.9
1975-06-30 00:00:00,0,164.24,92.4,25.43,963
1975-07-31 00:00:00,0,165.17,92.49,25.55,975.1
1975-08-31 00:00:00,0,163,85.71,25.73,983.1
1975-09-30 00:00:00,0,144.17,84.67,25.97,991.5
1975-10-31 00:00:00,0,142.79,0,26.2,997.8
1975-11-30 00:00:00,0,142.42,90.07,26.43,1006.9
1975-12-31 00:00:00,0,139.3,88.7,26.54,1016.2
1976-01-31 00:00:00,0,131.05,99.38,26.67,1026.6
1976-02-29 00:00:00,0,131.06,100.6,26.73,1040.3
1976-03-31 00:00:00,0,132.76,101.1,26.91,1050
1976-04-30 00:00:00,0,127.94,101.9,27.1,1060.8
1976-05-31 00:00:00,0,126.92,101.2,27.35,1072.1
1976-06-30 00:00:00,0,125.71,101.8,27.48,1077.6
1976-07-31 00:00:00,0,117.73,104.2,27.7,1086.3
1976-08-31 00:00:00,0,109.93,103.3,27.89,1098.7
1976-09-30 00:00:00,0,114.15,105.5,28.07,1110.8
1976-10-31 00:00:00,0,116.15,0,28.2,1125
1976-11-30 00:00:00,0,130.46,101.2,28.41,1138.2
1976-12-31 00:00:00,0,133.93,104.7,28.7,1152
1977-01-31 00:00:00,0,132.26,98.77,28.98,1165.2
1977-02-28 00:00:00,0,136.24,101,29.34,1177.6
1977-03-31 00:00:00,0,148.23,100.6,29.7,1188.5
1977-04-30 00:00:00,0,149.17,99.05,30.16,1199.6
1977-05-31 00:00:00,0,146.61,98.76,30.45,1209
1977-06-30 00:00:00,0,140.78,99.29,30.7,1217.8
1977-07-31 00:00:00,0,143.39,100.2,31,1226.7
1977-08-31 00:00:00,0,144.94,97.75,31.33,1237
1977-09-30 00:00:00,0,149.53,96.23,31.73,1246.2
1977-10-31 00:00:00,0,158.95,0,32.17,1254
1977-11-30 00:00:00,0,162.1,94.28,32.55,1262.4
1977-12-31 00:00:00,0,160.45,93.82,32.89,1270.3
1978-01-31 00:00:00,0,173.18,95.425,33.26,1279.7
1978-02-28 00:00:00,0,178.14,88.98,33.65,1285.5
1978-03-31 00:00:00,0,183.61,88.82,34.06,1292.2
1978-04-30 00:00:00,0,175.28,92.71,34.43,1300.4
1978-05-31 00:00:00,0,176.31,97.41,34.83,1310.5
1978-06-30 00:00:00,0,183.75,97.66,35.36,1318.5
1978-07-31 00:00:00,0,188.73,97.19,35.84,1324.1
1978-08-31 00:00:00,0,206.3,103.9,36.32,1333.5
1978-09-30 00:00:00,0,212.08,103.9,36.71,1345
1978-10-31 00:00:00,0,227.44,0,37.11,1352.3
1978-11-30 00:00:00,0,206.2,94.71,37.56,1359.1
1978-12-31 00:00:00,0,207.85,96.11,38.07,1366
1979-01-31 00:00:00,0,227.28,102.105,38.63,1371.6
1979-02-28 00:00:00,0,245.67,98.23,39.14,1377.8
1979-03-31 00:00:00,0,242.05,100.1,39.6,1387.8
1979-04-30 00:00:00,0,239.11,102.1,40.02,1402.1
1979-05-31 00:00:00,0,257.59,99.73,40.46,1410.2
1979-06-30 00:00:00,0,279.07,101.7,40.96,1423
1979-07-31 00:00:00,0,294.74,102.7,41.39,1434.8
1979-08-31 00:00:00,0,300.82,107.4,41.8,1446.6
1979-09-30 00:00:00,0,354.95,108.6,42.19,1454.1
1979-10-31 00:00:00,0,391.66,0,42.6,1460.4
1979-11-30 00:00:00,0,391.99,103.7,42.98,1465.9
1979-12-31 00:00:00,0,455.08,107.8,43.3,1473.7
1980-01-31 00:00:00,0,675.31,120.55,43.58,1482.7
1980-02-29 00:00:00,0,665.32,115.3,43.86,1494.6
1980-03-31 00:00:00,0,553.58,104.7,44.18,1499.8
1980-04-30 00:00:00,0,517.41,103,44.49,1502.2
1980-05-31 00:00:00,0,513.8,107.7,44.72,1512.3
1980-06-30 00:00:00,0,600.72,114.6,44.95,1529.2
1980-07-31 00:00:00,0,643.27,119.8,45.23,1545.5
1980-08-31 00:00:00,0,627.15,123.5,45.49,1561.5
1980-09-30 00:00:00,0,673.63,126.5,45.76,1574
1980-10-31 00:00:00,0,661.15,0,46,1584.8
1980-11-30 00:00:00,0,624.77,135.7,46.27,1595.8
1980-12-31 00:00:00,0,538.26,133.5,46.51,1599.8
1981-01-31 00:00:00,0,557.39,126.4,46.71,1606.9
1981-02-28 00:00:00,0,499.76,128.4,46.93,1618.7
1981-03-31 00:00:00,0,499.11,133.2,47.15,1636.6
1981-04-30 00:00:00,0,495.8,134.4,47.46,1659.2
1981-05-31 00:00:00,0,479.7,131.7,47.72,1664.2
1981-06-30 00:00:00,0,461.09,132.3,47.98,1670.3
1981-07-31 00:00:00,0,409.07,129.1,48.18,1681.9
1981-08-31 00:00:00,0,410.16,129.6,48.41,1694.3
1981-09-30 00:00:00,0,443.75,118.3,48.55,1706
1981-10-31 00:00:00,0,437.76,0,48.69,1721.8
1981-11-30 00:00:00,0,413.37,122.9,48.79,1736.1
1981-12-31 00:00:00,0,410.09,123.8,48.88,1755.5
1982-01-31 00:00:00,0,384.14,125,48.96,1770.4
1982-02-28 00:00:00,0,374.13,114.5,49.07,1774.5
1982-03-31 00:00:00,0,330.25,110.8,49,1786.5
1982-04-30 00:00:00,0,350.3,116.3,48.96,1803.9
1982-05-31 00:00:00,0,333.71,116.4,48.95,1815.4
1982-06-30 00:00:00,0,314.98,109.7,48.89,1826
1982-07-31 00:00:00,0,338.97,109.4,48.83,1831.5
1982-08-31 00:00:00,0,364.23,109.7,48.78,1845.2
1982-09-30 00:00:00,0,437.31,122.4,48.85,1858.4
1982-10-31 00:00:00,0,422.15,0,48.93,1869.7
1982-11-30 00:00:00,0,414.89,138.1,49.03,1883.7
1982-12-31 00:00:00,0,444.5,139.4,49.18,1905.9
1983-01-31 00:00:00,0,481.29,156,49.39,1959.4
1983-02-28 00:00:00,0,491.09,146.8,49.67,1996.8
1983-03-31 00:00:00,0,419.7,151.9,49.83,2015.2
1983-04-30 00:00:00,0,432.88,157.7,50,2028.6
1983-05-31 00:00:00,0,438.01,164.1,50.16,2043.1
1983-06-30 00:00:00,0,412.84,166.4,50.34,2053.5
1983-07-31 00:00:00,0,402.91,167,50.57,2064.8
1983-08-31 00:00:00,0,416.2,162.4,50.76,2074
1983-09-30 00:00:00,0,411.8,167.2,50.94,2083.2
1983-10-31 00:00:00,0,393.6,0,51.11,2099.2
1983-11-30 00:00:00,0,381.7,165.2,51.3,2112.3
1983-12-31 00:00:00,0,388.34,164.4,51.5,2123.5
1984-01-31 00:00:00,0,370.89,165.6,51.7,2138.2
1984-02-29 00:00:00,0,385.96,157.3,51.9,2158.2
1984-03-31 00:00:00,0,394.26,157.4,52.11,2175.2
1984-04-30 00:00:00,0,381.37,157.6,52.31,2191.7
1984-05-31 00:00:00,0,377.4,156.6,52.54,2204.1
1984-06-30 00:00:00,0,377.7,153.1,52.76,2215.1
1984-07-31 00:00:00,0,347.71,151.1,52.98,2223.5
1984-08-31 00:00:00,0,347.7,164.4,53.19,2230.4
1984-09-30 00:00:00,0,340.2,166.1,53.39,2244.4
1984-10-31 00:00:00,0,341,0,53.58,2258.9
1984-11-30 00:00:00,0,342,166.3,53.72,2281.4
1984-12-31 00:00:00,0,319.54,164.5,53.91,2306.4
1985-01-31 00:00:00,0,302.79,178.9,54.15,2332.4
1985-02-28 00:00:00,0,299.1,180.9,54.43,2354.1
1985-03-31 00:00:00,0,313.5,179.4,54.72,2366.2
1985-04-30 00:00:00,0,326.8,180.6,55,2375.4
1985-05-31 00:00:00,0,316,184.9,55.31,2389.5
1985-06-30 00:00:00,0,316.5,188.9,55.61,2412.6
1985-07-31 00:00:00,0,317.2,192.5,55.92,2429.5
1985-08-31 00:00:00,0,330.4,188.3,56.26,2444
1985-09-30 00:00:00,0,323.35,184.1,56.66,2456.4
1985-10-31 00:00:00,0,325.85,0,57.08,2468
1985-11-30 00:00:00,0,321.5,197.5,57.54,2477.8
1985-12-31 00:00:00,0,321.9,207.3,57.94,2492.1
1986-01-31 00:00:00,0,347.48,222.8,58.36,2502.1
1986-02-28 00:00:00,0,338.89,219.4,58.75,2512.9
1986-03-31 00:00:00,0,345.7,232.3,59.17,2533.1
1986-04-30 00:00:00,0,340.44,238,59.62,2557.8
1986-05-31 00:00:00,0,342.4,238.5,60.06,2584.8
1986-06-30 00:00:00,0,342.7,245.3,60.53,2605
1986-07-31 00:00:00,0,348.34,240.2,61.02,2626.6
1986-08-31 00:00:00,0,376.66,245,61.5,2646.5
1986-09-30 00:00:00,0,417.73,238.3,61.99,2667.8
1986-10-31 00:00:00,0,423.51,0,62.45,2687.4
1986-11-30 00:00:00,0,397.56,245.1,62.92,2701.3
1986-12-31 00:00:00,0,390.92,248.6,63.51,2728
1987-01-31 00:00:00,0,408.26,272.35,63.964,2743.9
1987-02-28 00:00:00,0,401.12,280.9,64.422,2747.5
1987-03-31 00:00:00,0,408.91,292.5,64.734,2753.7
1987-04-30 00:00:00,0,438.35,289.3,65.129,2767.7
1987-05-31 00:00:00,0,460.23,289.1,65.562,2772.9
1987-06-30 00:00:00,0,449.59,301.4,66.07,2774.6
1987-07-31 00:00:00,0,450.52,310.1,66.507,2779
1987-08-31 00:00:00,0,461.15,329.4,66.937,2788.2
1987-09-30 00:00:00,0,460.38,318.7,67.33,2799.5
1987-10-31 00:00:00,0,465.35,0,67.737,2814.8
1987-11-30 00:00:00,0,467.57,245,68.105,2818.9
1987-12-31 00:00:00,0,486.24,241,68.504,2826.4
1988-01-31 00:00:00,0,476.58,263.95,68.856,2847.4
1988-02-29 00:00:00,0,442.07,258.1,69.261,2870.4
1988-03-31 00:00:00,0,443.61,265.7,69.637,2890.7
1988-04-30 00:00:00,0,451.55,262.6,69.974,2910.7
1988-05-31 00:00:00,0,451.07,256.1,70.426,2926
1988-06-30 00:00:00,0,451.33,270.7,70.888,2938.4
1988-07-31 00:00:00,0,437.63,269.1,71.354,2947.2
1988-08-31 00:00:00,0,431.28,263.7,71.799,2952
1988-09-30 00:00:00,0,413.46,268,72.24,2956.9
1988-10-31 00:00:00,0,406.78,0,72.635,2965.3
1988-11-30 00:00:00,0,420.17,271,73.071,2980.2
1988-12-31 00:00:00,0,419.05,276.5,73.464,2988.2
1989-01-31 00:00:00,0,404.01,316.4,73.946,2991.7
1989-02-28 00:00:00,0,387.51,294,74.382,2992.2
1989-03-31 00:00:00,0,390.15,292.7,74.778,2999.7
1989-04-30 00:00:00,0,384.4,302.3,75.084,3006
1989-05-31 00:00:00,0,371.05,313.9,75.305,3011.6
1989-06-30 00:00:00,0,367.6,323.7,75.478,3027.9
1989-07-31 00:00:00,0,375.04,331.9,75.655,3052.4
1989-08-31 00:00:00,0,365.14,346.6,75.833,3074.4
1989-09-30 00:00:00,0,361.75,347.3,76.055,3092.5
1989-10-31 00:00:00,0,366.88,0,76.282,3114.1
1989-11-30 00:00:00,0,394.26,340.2,76.52,3133.3
1989-12-31 00:00:00,0,409.39,348.6,76.704,3152.5
1990-01-31 00:00:00,0,410.11,323.545,76.897,3166.8
1990-02-28 00:00:00,0,416.81,330.45,77.053,3179.2
1990-03-31 00:00:00,0,393.06,338.46,77.201,3190.1
1990-04-30 00:00:00,0,374.24,338.18,77.278,3201.6
1990-05-31 00:00:00,0,369.05,350.25,77.297,3200.6
1990-06-30 00:00:00,0,352.33,360.39,77.258,3213.7
1990-07-31 00:00:00,0,362.53,360.03,77.139,3224.5
1990-08-31 00:00:00,0,394.73,330.75,77.009,3242
1990-09-30 00:00:00,0,389.32,315.41,76.849,3254.6
1990-10-31 00:00:00,0,380.74,0,76.699,3259.3
1990-11-30 00:00:00,0,381.73,315.29,76.37,3262.6
1990-12-31 00:00:00,0,376.95,328.75,76.184,3271.8
1991-01-31 00:00:00,0,383.64,356.185,75.915,3287.7
1991-02-28 00:00:00,0,363.83,362.26,75.733,3304.5
1991-03-31 00:00:00,0,363.34,372.28,75.569,3321.9
1991-04-30 00:00:00,0,358.38,379.68,75.565,3332.4
1991-05-31 00:00:00,0,356.95,377.99,75.764,3343
1991-06-30 00:00:00,0,366.72,378.29,75.991,3351.9
1991-07-31 00:00:00,0,367.69,380.23,76.081,3356.1
1991-08-31 00:00:00,0,356.31,389.4,76.108,3355
1991-09-30 00:00:00,0,348.74,387.2,76.192,3354.9
1991-10-31 00:00:00,0,358.69,0,76.074,3360.1
1991-11-30 00:00:00,0,360.17,385.92,76.013,3365.5
1991-12-31 00:00:00,0,361.73,388.51,76.056,3372.2
1992-01-31 00:00:00,0,354.45,414.29,76.086,3381.2
1992-02-29 00:00:00,0,353.91,412.56,76.155,3400
1992-03-31 00:00:00,0,344.34,407.36,76.276,3403.9
1992-04-30 00:00:00,0,338.62,407.41,76.345,3399.7
1992-05-31 00:00:00,0,337.24,414.81,76.398,3398.6
1992-06-30 00:00:00,0,340.81,408.27,76.332,3393.4
1992-07-31 00:00:00,0,352.72,415.05,76.263,3393.9
1992-08-31 00:00:00,0,343.06,417.93,76.23,3398.8
1992-09-30 00:00:00,0,345.43,418.48,76.238,3410.3
1992-10-31 00:00:00,0,344.38,0,76.375,3423.8
1992-11-30 00:00:00,0,335.02,422.84,76.558,3426.5
1992-12-31 00:00:00,0,334.82,435.64,76.674,3424.7
1993-01-31 00:00:00,0,329.01,449.565,76.784,3419.1
1993-02-28 00:00:00,0,329.31,441.7,76.837,3414.5
1993-03-31 00:00:00,0,330.08,450.16,76.867,3411.7
1993-04-30 00:00:00,0,342.15,443.08,76.936,3411.3
1993-05-31 00:00:00,0,367.18,445.25,77.036,3436.9
1993-06-30 00:00:00,0,371.89,448.06,77.242,3442.4
1993-07-31 00:00:00,0,392.19,447.29,77.429,3442
1993-08-31 00:00:00,0,378.84,454.13,77.612,3445.7
1993-09-30 00:00:00,0,355.28,459.24,77.794,3452.2
1993-10-31 00:00:00,0,364.18,0,77.941,3456.7
1993-11-30 00:00:00,0,373.83,462.89,78.148,3470.1
1993-12-31 00:00:00,0,383.3,465.95,78.325,3474.5
1994-01-31 00:00:00,0,386.88,468.4,78.591,3474.9
1994-02-28 00:00:00,0,381.91,471.58,78.727,3475.7
1994-03-31 00:00:00,0,384.13,463.81,78.855,3480.1
1994-04-30 00:00:00,0,377.27,447.23,78.987,3481.3
1994-05-31 00:00:00,0,381.43,450.9,79.221,3490.8
1994-06-30 00:00:00,0,385.64,454.83,79.421,3479.5
1994-07-31 00:00:00,0,385.49,451.4,79.593,3488.2
1994-08-31 00:00:00,0,380.36,464.24,79.78,3485.7
1994-09-30 00:00:00,0,391.58,466.96,79.918,3486.1
1994-10-31 00:00:00,0,389.77,0,80.065,3484.3
1994-11-30 00:00:00,0,384.39,461.01,80.149,3487.2
1994-12-31 00:00:00,0,379.29,455.19,80.296,3486.4
1995-01-31 00:00:00,0,378.55,524.085,80.426,3492.4
1995-02-28 00:00:00,0,376.64,481.92,80.527,3489.9
1995-03-31 00:00:00,0,382.12,493.15,80.597,3491.1
1995-04-30 00:00:00,0,391.03,507.91,80.66,3499.2
1995-05-31 00:00:00,0,385.22,523.81,80.703,3524.2
1995-06-30 00:00:00,0,387.56,539.35,80.783,3548.9
1995-07-31 00:00:00,0,386.23,557.37,80.936,3567.4
1995-08-31 00:00:00,0,383.67,559.11,81.109,3589
1995-09-30 00:00:00,0,383.06,578.77,81.306,3602.1
1995-10-31 00:00:00,0,383.14,0,81.481,3613.4
1995-11-30 00:00:00,0,385.31,595.53,81.618,3619.9
1995-12-31 00:00:00,0,387.44,614.57,81.735,3629.5
1996-01-31 00:00:00,0,399.45,657.94,81.833,3647.9
1996-02-29 00:00:00,0,404.76,649.54,81.953,3661.8
1996-03-31 00:00:00,0,396.21,647.07,82.194,3686.9
1996-04-30 00:00:00,0,392.85,647.17,82.42,3697.7
1996-05-31 00:00:00,0,391.93,661.23,82.609,3709.6
1996-06-30 00:00:00,0,385.27,668.5,82.751,3722.5
1996-07-31 00:00:00,0,383.47,644.07,82.928,3737.1
1996-08-31 00:00:00,0,387.35,662.68,83.085,3744
1996-09-30 00:00:00,0,383.14,674.88,83.255,3753.4
1996-10-31 00:00:00,0,381.07,0,83.376,3772.8
1996-11-30 00:00:00,0,377.85,735.67,83.551,3795.1
1996-12-31 00:00:00,0,369,743.25,83.72,3818.6
1997-01-31 00:00:00,0,355.11,858.69,83.955,3834.6
1997-02-28 00:00:00,0,346.58,798.39,84.18,3846.3
1997-03-31 00:00:00,0,351.81,792.16,84.452,3861.2
1997-04-30 00:00:00,0,344.47,763.93,84.622,3877
1997-05-31 00:00:00,0,343.84,833.09,84.861,3889.2
1997-06-30 00:00:00,0,340.76,876.29,85.08,3906
1997-07-31 00:00:00,0,324.1,925.29,85.33,3923.9
1997-08-31 00:00:00,0,324.01,927.24,85.573,3957.4
1997-09-30 00:00:00,0,322.82,937.02,85.85,3973.1
1997-10-31 00:00:00,0,324.87,0,86.146,3992.3
1997-11-30 00:00:00,0,306.04,938.92,86.632,4014.8
1997-12-31 00:00:00,0,288.74,962.37,87.092,4032.9
1998-01-31 00:00:00,0,289.1,997.915,87.614,4056.2
1998-02-28 00:00:00,0,297.49,1023.74,88.002,4088.9
1998-03-31 00:00:00,0,295.94,1076.83,88.441,4114.3
1998-04-30 00:00:00,0,308.29,1112.2,88.878,4140.2
1998-05-31 00:00:00,0,299.1,1108.42,89.363,4164.4
1998-06-30 00:00:00,0,292.32,1108.39,89.844,4184.1
1998-07-31 00:00:00,0,292.87,1156.58,90.31,4203.8
1998-08-31 00:00:00,0,284.11,1074.62,90.785,4228.7
1998-09-30 00:00:00,0,288.98,1020.64,91.258,4267.7
1998-10-31 00:00:00,0,295.93,0,91.716,4307.9
1998-11-30 00:00:00,0,294.12,1144.43,92.199,4346.6
1998-12-31 00:00:00,0,291.68,1190.05,92.712,4375.6
1999-01-31 00:00:00,0,287.08,1274.39,93.207,4403
1999-02-28 00:00:00,0,287.33,1246.58,93.671,4425.8
1999-03-31 00:00:00,0,285.96,1281.66,94.217,4432.6
1999-04-30 00:00:00,0,282.62,1334.76,94.784,4461.4
1999-05-31 00:00:00,0,276.44,1332.07,95.344,4486.1
1999-06-30 00:00:00,0,261.31,1322.55,95.974,4508
1999-07-31 00:00:00,0,256.08,1380.99,96.591,4535.4
1999-08-31 00:00:00,0,256.69,1327.49,97.219,4552.7
1999-09-30 00:00:00,0,264.74,1318.17,97.862,4568.8
1999-10-31 00:00:00,0,310.72,0,98.522,4592.7
1999-11-30 00:00:00,0,293.18,1391,99.154,4611.8
1999-12-31 00:00:00,0,283.07,1428.68,99.844,4639.3
2000-01-31 00:00:00,0,284.32,1407.865,100.552,4667.6
2000-02-29 00:00:00,0,299.86,1388.87,101.339,4680.9
2000-03-31 00:00:00,0,286.39,1442.21,102.127,4711.7
2000-04-30 00:00:00,0,279.69,1461.36,102.923,4767.8
2000-05-31 00:00:00,0,275.19,1418.48,103.678,4755.7
2000-06-30 00:00:00,0,285.73,1461.96,104.425,4773.6
2000-07-31 00:00:00,0,281.59,1473,105.054,4791.3
2000-08-31 00:00:00,0,274.47,1485.46,105.768,4819.5
2000-09-30 00:00:00,0,273.68,1468.05,106.538,4855.3
2000-10-31 00:00:00,0,270,0,107.384,4871.4
2000-11-30 00:00:00,0,266.01,1378.04,108.303,4882.8
2000-12-31 00:00:00,0,271.45,1330.93,109.141,4927.7
2001-01-31 00:00:00,0,265.49,1206.11,109.847,4978.4
2001-02-28 00:00:00,0,261.87,1305.75,110.502,5017.1
2001-03-31 00:00:00,0,263.03,1185.85,111.11,5074.9
2001-04-30 00:00:00,0,260.48,1189.84,111.652,5139.2
2001-05-31 00:00:00,0,272.36,1270.37,112.164,5137.3
2001-06-30 00:00:00,0,270.23,1238.71,112.797,5180.3
2001-07-31 00:00:00,0,267.53,1204.45,113.492,5210.2
2001-08-31 00:00:00,0,272.39,1178.5,114.168,5243.9
2001-09-30 00:00:00,0,283.42,1044.64,114.813,5355.3
2001-10-31 00:00:00,0,283.06,0,115.31,5344
2001-11-30 00:00:00,0,276.16,1129.68,115.857,5387.7
2001-12-31 00:00:00,0,275.85,1144.93,116.454,5440.7
2002-01-31 00:00:00,0,281.51,997.42,117.144,5461.1
2002-02-28 00:00:00,0,295.5,1100.67,117.845,5490.4
2002-03-31 00:00:00,0,294.06,1153.79,118.687,5502.2
2002-04-30 00:00:00,0,302.68,1111.93,119.611,5502.3
2002-05-31 00:00:00,0,314.49,1079.25,120.724,5528.5
2002-06-30 00:00:00,0,321.18,1014.02,121.814,5553.5
2002-07-31 00:00:00,0,313.29,903.59,122.889,5596.2
2002-08-31 00:00:00,0,310.26,912.55,123.832,5638.4
2002-09-30 00:00:00,0,319.14,867.81,124.781,5662.5
2002-10-31 00:00:00,0,316.56,0,125.736,5707.2
2002-11-30 00:00:00,0,319.07,909.93,126.67,5758.2
2002-12-31 00:00:00,0,331.92,899.18,127.624,5779.5
2003-01-31 00:00:00,0,356.859,967.285,128.461,5812.3
2003-02-28 00:00:00,0,358.97,837.03,129.356,5848.4
2003-03-31 00:00:00,0,340.55,846.63,130.149,5868.6
2003-04-30 00:00:00,0,328.18,890.03,130.885,5905.7
2003-05-31 00:00:00,0,355.683,935.96,131.736,5965.5
2003-06-30 00:00:00,0,356.352,988,132.65,6002.4
2003-07-31 00:00:00,0,351.02,992.54,133.777,6049.4
2003-08-31 00:00:00,0,359.768,989.53,134.968,6107.3
2003-09-30 00:00:00,0,378.945,1019.44,136.295,6079.9
2003-10-31 00:00:00,0,378.92,0,137.533,6070.2
2003-11-30 00:00:00,0,389.91,1049.9,138.796,6075.7
2003-12-31 00:00:00,0,406.953,1080.64,140.181,6074
2004-01-31 00:00:00,0,413.788,1124.865,141.647,6082.2
2004-02-29 00:00:00,0,404.878,1143.36,143.192,6121.9
2004-03-31 00:00:00,0,406.667,1123.98,145.059,6158
2004-04-30 00:00:00,0,403.26,1133.36,146.593,6199.1
2004-05-31 00:00:00,0,383.779,1102.78,148.187,6275.9
2004-06-30 00:00:00,0,392.373,1132.76,149.852,6278.1
2004-07-31 00:00:00,0,398.091,1105.85,151.34,6291.3
2004-08-31 00:00:00,0,400.51,1088.94,152.635,6317.9
2004-09-30 00:00:00,0,405.275,1117.66,154.181,6352.3
2004-10-31 00:00:00,0,420.464,0,155.752,6379.9
2004-11-30 00:00:00,0,439.375,1168.94,157.529,6406.5
2004-12-31 00:00:00,0,442.079,1199.21,159.332,6424.7
2005-01-31 00:00:00,0,424.03,1186.685,161.289,6431
2005-02-28 00:00:00,0,423.35,1199.63,163.346,6439.1
2005-03-31 00:00:00,0,433.85,1194.9,165.814,6448.4
2005-04-30 00:00:00,0,429.233,1164.43,167.503,6462
2005-05-31 00:00:00,0,421.873,1178.28,169.352,6479.2
2005-06-30 00:00:00,0,430.657,1202.25,171.192,6511.8
2005-07-31 00:00:00,0,424.479,1222.24,172.861,6543.7
2005-08-31 00:00:00,0,437.93,1224.27,174.443,6576.5
2005-09-30 00:00:00,0,456.048,1225.92,176.439,6610.3
2005-10-31 00:00:00,0,469.898,0,178.028,6644.1
2005-11-30 00:00:00,0,476.666,1237.37,179.682,6660.8
2005-12-31 00:00:00,0,510.097,1262.07,180.911,6688
2006-01-31 00:00:00,0,549.864,1321.055,182.322,6730.3
2006-02-28 00:00:00,0,554.995,1276.65,183.289,6754.9
2006-03-31 00:00:00,0,557.093,1293.74,184.365,6769.5
2006-04-30 00:00:00,0,610.653,1302.17,184.33,6807
2006-05-31 00:00:00,0,675.393,1290.01,184.156,6813.9
2006-06-30 00:00:00,0,596.145,1253.17,183.507,6852.1
2006-07-31 00:00:00,0,633.71,1260.24,183.067,6893.9
2006-08-31 00:00:00,0,632.593,1287.15,182.594,6925.3
2006-09-30 00:00:00,0,598.186,1317.74,182.798,6952.6
2006-10-31 00:00:00,0,585.78,0,183.198,7002
2006-11-30 00:00:00,0,627.827,1388.64,183.609,7037.5
2006-12-31 00:00:00,0,629.791,1416.42,184.14,7080.4
2007-01-31 00:00:00,0,631.166,1481.91,184.518,7118.5
2007-02-28 00:00:00,0,664.745,1444.8,184.599,7134.6
2007-03-31 00:00:00,0,654.895,1406.95,184.151,7168.5
2007-04-30 00:00:00,0,679.368,1463.64,183.011,7241
2007-05-31 00:00:00,0,667.31,1511.14,181.602,7254.9
2007-06-30 00:00:00,0,655.66,1514.19,180.255,7288.1
2007-07-31 00:00:00,0,665.38,1520.71,179.111,7319
2007-08-31 00:00:00,0,665.411,1454.62,178.117,7395.1
2007-09-30 00:00:00,0,712.653,1497.12,177.558,7413.3
2007-10-31 00:00:00,0,754.604,0,176.624,7428.4
2007-11-30 00:00:00,0,806.248,1463.39,175.147,7453.8
2007-12-31 00:00:00,0,803.203,1479.22,174.342,7484.2
2008-01-31 00:00:00,0,889.595,1173.78,173.132,7517.8
2008-02-29 00:00:00,0,922.298,1354.87,171.54,7604.2
2008-03-31 00:00:00,0,968.434,1316.94,170.052,7670.3
2008-04-30 00:00:00,0,909.705,1370.47,168.337,7712.8
2008-05-31 00:00:00,0,888.663,1403.22,166.659,7725.5
2008-06-30 00:00:00,0,889.488,1341.25,165.018,7744.2
2008-07-31 00:00:00,0,939.772,1257.33,163.566,7791.5
2008-08-31 00:00:00,0,839.025,1281.47,161.989,7806.1
2008-09-30 00:00:00,0,829.932,1216.95,160.309,7872.7
2008-10-31 00:00:00,0,806.62,0,158.328,7975.3
2008-11-30 00:00:00,0,760.863,883.04,156.142,8027.3
2008-12-31 00:00:00,0,816.092,877.56,153.619,8205
2009-01-31 00:00:00,0,858.69,966.62,151.507,8289.4
2009-02-28 00:00:00,0,943,805.23,150.015,8319.6
2009-03-31 00:00:00,0,924.273,757.13,148.66,8386.7
2009-04-30 00:00:00,0,890.2,848.15,147.949,8391.4
2009-05-31 00:00:00,0,928.645,902.41,147.694,8449.5
2009-06-30 00:00:00,0,945.67,926.12,148.09,8459.5
2009-07-31 00:00:00,0,934.228,935.82,148.409,8463.8
2009-08-31 00:00:00,0,949.375,1009.73,148.278,8463.3
2009-09-30 00:00:00,0,996.591,1044.55,148.026,8461.8
2009-10-31 00:00:00,0,1043.159,0,147.851,8488.1
2009-11-30 00:00:00,0,1127.036,1088.07,148.137,8517.3
2009-12-31 00:00:00,0,1134.724,1110.38,147.931,8512.5
2010-01-31 00:00:00,0,1117.963,1147.58,147.396,8478
2010-02-28 00:00:00,0,1095.413,1089.16,145.632,8527.6
2010-03-31 00:00:00,0,1113.337,1152.05,145.858,8523.7
2010-04-30 00:00:00,0,1148.688,1197.32,146.401,8555.1
2010-05-31 00:00:00,0,1205.434,1125.06,146.392,8609.3
2010-06-30 00:00:00,0,1232.92,1083.36,145.718,8628.4
2010-07-31 00:00:00,0,1192.966,1079.8,144.987,8639.8
2010-08-31 00:00:00,0,1215.81,1087.28,143.911,8688.2
2010-09-30 00:00:00,0,1270.977,1122.08,143.014,8718.9
2010-10-31 00:00:00,0,1342.024,0,142.526,8768.7
2010-11-30 00:00:00,0,1369.886,1198.89,142.168,8789.3
2010-12-31 00:00:00,0,1390.553,1241.53,142.055,8822.9
2011-01-31 00:00:00,0,1360.46,1244.92,141.517,8845.2
2011-02-28 00:00:00,0,1374.68,1321.12,140.344,8909
2011-03-31 00:00:00,0,1423.26,1304.49,139.976,8967
2011-04-30 00:00:00,0,1480.89,1331.51,140.007,9030.4
2011-05-31 00:00:00,0,1512.58,1338.31,139.902,9102.7
2011-06-30 00:00:00,0,1529.36,1287.29,139.859,9176.7
2011-07-31 00:00:00,0,1572.75,1325.19,139.727,9338.7
2011-08-31 00:00:00,0,1759.01,1185.31,139.306,9525.1
2011-09-30 00:00:00,0,1772.14,1173.88,138.665,9545.3
2011-10-31 00:00:00,0,1666.43,0,137.948,9578.1
2011-11-30 00:00:00,0,1739,1226.42,137.147,9629.8
2011-12-31 00:00:00,0,1639.97,1243.32,136.67,9677.4
2012-01-31 00:00:00,0,1654.05,1369.2,136.605,9750.5
2012-02-29 00:00:00,0,1744.82,1352.49,136.529,9802.2
2012-03-31 00:00:00,0,1675.95,1389.24,137.9,9846.2
2012-04-30 00:00:00,0,1649.2,1386.43,139.149,9899.8
2012-05-31 00:00:00,0,1589.04,1341.27,140.151,9943
2012-06-30 00:00:00,0,1598.76,1323.48,141.027,10013
2012-07-31 00:00:00,0,1594.29,1359.78,141.668,10065.7
2012-08-31 00:00:00,0,1630.31,1403.45,142.278,10136.4
2012-09-30 00:00:00,0,1744.81,1443.42,142.906,10216.6
2012-10-31 00:00:00,0,1746.58,0,143.596,10282.8
2012-11-30 00:00:00,0,1721.64,1394.51,144.579,10351.8
2012-12-31 00:00:00,0,1684.762,1422.29,145.496,10474.4
2013-01-31 00:00:00,0,1671.848,1600.215,146.822,10497.6
2013-02-28 00:00:00,0,1627.57,1512.31,147.781,10516.6
2013-03-31 00:00:00,0,1593.086,1550.83,149.96,10572.9
2013-04-30 00:00:00,137.52,1487.857,1570.7,151.517,10600.4
2013-05-31 00:00:00,119.4239677419,1414.027,1639.84,152.847,10634.7
2013-06-30 00:00:00,107.8003586207,1343.35,1618.77,154.198,10692.3
2013-07-31 00:00:00,89.9821709677,1285.516,1668.68,155.603,10731.5
2013-08-31 00:00:00,113.7325806452,1351.742,1670.09,156.96,10789.6
2013-09-30 00:00:00,130.714,1348.6,1687.17,158.221,10850
2013-10-31 00:00:00,157.7274193548,1316.58,0,159.238,10974.2
2013-11-30 00:00:00,533.301,1275.86,1783.54,160.071,10982.9
2013-12-31 00:00:00,808.5167741935,1221.512,1807.78,160.991,11047.8
2014-01-31 00:00:00,842.9516129032,1244.27,1879.815,161.921,11117.6
2014-02-28 00:00:00,666.6432142857,1299.58,1817.04,162.519,11183.2
2014-03-31 00:00:00,592.5379032258,1336.08,1863.52,163.079,11219.1
2014-04-30 00:00:00,460.5380666667,1298.45,1864.26,163.386,11264
2014-05-31 00:00:00,484.4752354839,1288.74,1889.77,163.654,11328.5
2014-06-30 00:00:00,612.14361,1279.1,1947.09,164.062,11383.7
2014-07-31 00:00:00,615.6321500076,1310.59,1973.1,164.581,11438.4
2014-08-31 00:00:00,534.9412273418,1295.13,1961.53,165.208,11462.5
2014-09-30 00:00:00,442.9773133333,1236.55,1993.23,165.899,11503.7
2014-10-31 00:00:00,361.3315022536,1222.49,0,166.636,11577.5
2014-11-30 00:00:00,364.4288016363,1175.33,2044.57,167.33,11618.2
2014-12-31 00:00:00,340.4420594422,1200.62,2054.27,168.044,11701.9
2015-01-31 00:00:00,248.6213369977,1250.75,2026.495,168.623,11788.8
2015-02-28 00:00:00,233.9882719486,1227.08,2082.2,169.121,11905.6
2015-03-31 00:00:00,268.2939496366,1178.63,2079.99,169.791,11903.7
2015-04-30 00:00:00,234.981146438,1198.93,2094.86,170.29,11937.6
2015-05-31 00:00:00,236.8943449709,1198.63,2111.94,170.872,11965
2015-06-30 00:00:00,237.9010399809,1181.5,2099.29,171.471,12005.6
2015-07-31 00:00:00,278.7207387223,1128.31,2094.14,172.143,12049.2
2015-08-31 00:00:00,251.4899869238,1117.93,2039.87,172.927,12093.7
2015-09-30 00:00:00,233.4377965215,1124.77,1944.41,173.82,12154.8
2015-10-31 00:00:00,265.0309275185,1159.25,0,174.784,12206.1
2015-11-30 00:00:00,347.92272,1086.44,2080.62,175.73,12297.5
2015-12-31 00:00:00,424.5273870968,1075.74,2054.08,176.533,12368.7
2016-01-31 00:00:00,410.8161709677,1097.91,2030.81,177.257,12506
2016-02-29 00:00:00,403.2038965517,1199.5,1904.42,177.638,12578.2
2016-03-31 00:00:00,414.8698387097,1245.14,2021.95,178.155,12629
2016-04-30 00:00:00,434.2048666667,1242.26,2075.54,178.757,12708
2016-05-31 00:00:00,461.9752258065,1260.95,2065.55,179.418,12775
2016-06-30 00:00:00,642.1255422297,1276.4,2083.89,180.082,12835.4
2016-07-31 00:00:00,661.853865485,1336.66,2148.9,180.842,12889.7
2016-08-31 00:00:00,577.6880333577,1340.17,2170.95,181.834,12973.9
2016-09-30 00:00:00,604.7146045178,1326.61,2157.69,182.808,13034.2
2016-10-31 00:00:00,641.1230746051,1266.55,0,183.736,13107.5
2016-11-30 00:00:00,724.3468902622,1238.35,2164.99,184.746,13181
2016-12-31 00:00:00,824.6431416089,1157.36,2246.63,185.709,13226.1
2017-01-31 00:00:00,910.3463943534,1192.1,2416.06,186.788,13300.7
2017-02-28 00:00:00,1064.5357128761,1234.2,2329.91,187.309,13367.3
2017-03-31 00:00:00,1129.9825089252,1231.42,2366.82,187.985,13428.7
2017-04-30 00:00:00,1217.1546531507,1266.88,2359.31,188.714,13484.7
2017-05-31 00:00:00,1880.6084870968,1246.04,2395.35,189.601,13536.7
2017-06-30 00:00:00,2653.764180778,1260.26,2433.99,190.502,13558.5
2017-07-31 00:00:00,2514.0965341113,1236.84,2454.1,191.449,13615.4
2017-08-31 00:00:00,3803.6508585603,1283.04,2456.22,192.644,13674.6
2017-09-30 00:00:00,4051.930382003,1314.07,2492.84,193.739,13723
2017-10-31 00:00:00,5335.3150725684,1279.51,0,194.786,13782.3
2017-11-30 00:00:00,7829.2427084626,1281.9,2593.61,195.937,13814.9
2017-12-31 00:00:00,15576.174009863,1264.45,2664.34,197.158,13873.8
2018-01-31 00:00:00,13446.1515897773,1331.3,2787.63,198.297,13883.2
2018-02-28 00:00:00,9399.2742595713,1330.73,2705.16,199.229,13919.3
2018-03-31 00:00:00,9141.7664646651,1324.66,2702.77,199.966,13976
2018-04-30 00:00:00,7917.1090741451,1334.76,2653.63,200.656,13993.9
2018-05-31 00:00:00,8454.1542280143,1303.45,2701.49,201.414,14049.6
2018-06-30 00:00:00,6786.5243096852,1281.57,2754.35,202.219,14109.9
2018-07-31 00:00:00,7070.5790815123,1237.71,2793.64,202.89,14144.2
2018-08-31 00:00:00,6701.2746018785,1201.71,2857.82,203.66,14193.9
2018-09-30 00:00:00,6611.2884946583,1198.39,2901.5,204.32,14229.3
2018-10-31 00:00:00,6503.4315720973,1215.39,0,205.084,14241.4
2018-11-30 00:00:00,5501.2865354613,1220.65,2723.23,205.653,14260.8
2018-12-31 00:00:00,3684.0550370597,1250.4,2567.31,206.14,14382.6
2019-01-31 00:00:00,3661.3778440397,1291.75,2792.535,206.531,14446.1
2019-02-28 00:00:00,3675.8741087642,1320.07,2754.86,206.862,14481.2
2019-03-31 00:00:00,3930.1478055575,1300.9,2803.98,207.082,14526.2
2019-04-30 00:00:00,5118.4037752476,1285.91,2903.8,207.533,14554.5
2019-05-31 00:00:00,7191.5590892689,1283.7,2854.71,208.131,14652.4
2019-06-30 00:00:00,9333.9160115022,1359.04,2890.17,208.62,14771.4
2019-07-31 00:00:00,10698.3675558439,1412.89,2996.1136363636,209.208,14853.5
2019-08-31 00:00:00,10646.7432639441,1500.41,2897.4981818182,210.032,14934.7
2019-09-30 00:00:00,9838.8942851891,1510.58,2982.156,210.868,15031.4
2019-10-31 00:00:00,8348.7878939626,1494.81,0,211.724,15167.3
2019-11-30 00:00:00,8391.8203014104,1470.79,3104.9045,212.757,15276.9
2019-12-31 00:00:00,7260.1857462203,1479.13,3176.7495238095,213.925,15348
2020-01-31 00:00:00,8297.8732695138,1560.67,3348.4521103896,215.025,15416.8
2020-02-29 00:00:00,9661.3068046354,1597.1,3277.3142105263,215.9,15467
2020-03-31 00:00:00,6951.9530112956,1591.93,2652.3936363636,216.459,15993.8
2020-04-30 00:00:00,7134.5653774617,1683.17,2761.9752380952,216.859,17005.8
2020-05-31 00:00:00,9221.5728303827,1715.91,2919.615,216.961,17853.4
2020-06-30 00:00:00,9492.7538135781,1732.22,3104.6609090909,217.545,18141.1
2020-07-31 00:00:00,9518.7826799015,1846.51,3207.6190909091,219.224,18298
2020-08-31 00:00:00,11630.115178921,1968.63,3391.71,222.271,18364.3
2020-09-30 00:00:00,10673.3214989674,1921.92,3365.5166666667,225.786,18596.6
2020-10-31 00:00:00,11787.0076253041,1900.27,0,229.65,18751.3
2020-11-30 00:00:00,16454.5412887025,1866.3,3548.9925,233.216,18979.1
2020-12-31 00:00:00,21698.2364322154,1858.42,3695.31,236.524,19133.2
2021-01-31 00:00:00,34634.2431096953,1866.98,4127.2277819549,239.672,19359.7
2021-02-28 00:00:00,45897.9490498203,1808.17,3883.4321052632,242.456,19596.7
2021-03-31 00:00:00,54532.8052487042,1718.23,3910.5082608696,245.558,19823.4
2021-04-30 00:00:00,57148.2371505318,1760.04,4141.1761904762,249.126,20160.7
2021-05-31 00:00:00,47187.7147902057,1850.26,4167.8495,253.321,20427
2021-06-30 00:00:00,35973.7444692424,1834.57,4238.4895454546,258.177,20474.7
2021-07-31 00:00:00,34271.5281387114,1807.84,4363.7128571429,262.489,20628.7
2021-08-31 00:00:00,45563.6735255675,1785.28,4454.2063636364,266.601,20811
2021-09-30 00:00:00,46085.3614518946,1775.14,4445.5433333333,270.283,20978.6
2021-10-31 00:00:00,57485.3434806338,1776.85,0,273.553,21142.9
2021-11-30 00:00:00,60984.6884796443,1821.76,4667.3866666667,277.275,21316.7
2021-12-31 00:00:00,49722.3810078315,1790.43,4674.7727272727,281.459,21471
2022-01-31 00:00:00,41413.9158072695,1816.02,4149.9332261905,286.165,21585.9
2022-02-28 00:00:00,40648.221656327,1856.3,4435.9805263158,291.322,21684.2
2022-03-31 00:00:00,41897.6700062103,1947.83,4391.2652173913,296.556,21720.8
2022-04-30 00:00:00,41716.1057171579,1936.86,4391.296,300.578,21749.6
2022-05-31 00:00:00,31945.2622989361,1848.5,4040.36,303.507,21689.9
2022-06-30 00:00:00,24801.5509941469,1836.57,3898.9466666667,304.322,21642.5
2022-07-31 00:00:00,21431.6995499451,1732.74,3911.7295,303.294,21641.8
2022-08-31 00:00:00,22493.9096126591,1764.56,4158.5630434783,301.048,21606.6
2022-09-30 00:00:00,19820.5039388707,1680.78,3850.5204761905,299.157,21520.5
2022-10-31 00:00:00,19614.2847498372,1664.45,0,298.642,21424.7
2022-11-30 00:00:00,17712.6786937435,1725.07,3917.4885714286,298.38,21358
2022-12-31 00:00:00,16966.3821123255,1797.55,3912.380952381,297.596,21219.3
2023-01-31 00:00:00,20044.7888799192,1897.71,3960.6565,297.452,21205.1
2023-02-28 00:00:00,23308.1506144438,1854.54,4079.6847368421,298.014,21184.6
2023-03-31 00:00:00,24986.5540281936,1912.73,3968.5591304348,299.073,20876.3
2023-04-30 00:00:00,28833.2492894754,1999.77,4121.4673684211,300.469,20729.9
2023-05-31 00:00:00,27572.7518054673,1992.13,4146.1731818182,302.402,20801.5
2023-06-30 00:00:00,27657.3941540366,1942.9,4345.3728571429,304.375,20782.6
2023-07-31 00:00:00,30090.0795746035,1951.02,4508.0755,306.446,20772.2
2023-08-31 00:00:00,27950.6954652121,1918.7,4457.3586956522,309.15,20746.9
2023-09-30 00:00:00,26267.4849273463,1915.95,4409.095,311.365,20720.1
2023-10-31 00:00:00,29503.2369655909,1916.25,4269.4009090909,313.056,20687.3
2023-11-30 00:00:00,36510.0447280371,1984.11,4460.0633333333,313.952,20696.8
2023-12-31 00:00:00,42406.689796405,2026.18,4685.0515,314.636,20701.4
2024-01-31 00:00:00,42900.7369583162,2034.04,4804.4914285714,315.944,20773.3
2024-02-29 00:00:00,49232.5196180532,2023.24,5011.9615,317.61,20861.5
2024-03-31 00:00:00,67410.8187320886,2158.01,5170.5725,318.598,20901.4
2024-04-30 00:00:00,66275.6950997604,2331.45,5112.4927272727,319.537,20932.9
2024-05-31 00:00:00,65055.8154918055,2351.13,5235.2254545455,320.406,20997.2
2024-06-30 00:00:00,66053.7585662696,2326.44,5415.1405263158,320.987,21065.6
2024-07-31 00:00:00,62761.608046897,2398.2,5538.0045454545,321.556,21098.1
2024-08-31 00:00:00,60107.9685305259,2470.15,5478.2145454545,322.299,21185.5
2024-09-30 00:00:00,60210.0287238991,2570.55,5621.2605,323.311,21272.1
2024-10-31 00:00:00,65360.0400165212,2690.08,5792.3195652174,324.491,21335.3
2024-11-30 00:00:00,85687.3601419989,2651.13,5929.916,326.013,21454.2
2024-12-31 00:00:00,98380.907781999,2648.01,6010.9085714286,327.582,21489.9
2025-01-31 00:00:00,99696.0625290585,2709.69,5979.5155,329.441,21577
2025-02-28 00:00:00,95922.8491356508,2894.73,6038.69,0,21670.5
2025-03-31 00:00:00,85158.7437875263,2983.25,5683.9833333333,0,21762.5
2025-04-30 00:00:00,83112.5382528422,3193.15,5316.2264285714,0,0
